id,instrument,component,group,handle,order,prompt,prompt_fr,prompt_en,reverse,min_val,max_val,step,annotations,annotations_fr,annotations_en,type,widget,help_text,help_text_fr,help_text_en,validate,initial
210,jold-SIMS,Amotivation,1,sims-9,9,I do this activity but I am not sure if it is worth my time,Je fais cette activité mais je ne suis pas sûr qu'elle vaille le coup,I do this activity but I am not sure if it is worth my time,False,1,7,1,Not at all~Very little~A little~Moderately~Enough~A lot~Exactly,Pas du tout~Très peu~Un peu~Moyennement~Assez~Beaucoup~Exactement,Not at all~Very little~A little~Moderately~Enough~A lot~Exactly,integer,custom-likert,,,,,
209,jold-SIMS,External regulation,1,sims-8,8,Because I feel that I have to do it,Parce que c'est quelque chose que je dois faire,Because I feel that I have to do it,False,1,7,1,Not at all~Very little~A little~Moderately~Enough~A lot~Exactly,Pas du tout~Très peu~Un peu~Moyennement~Assez~Beaucoup~Exactement,Not at all~Very little~A little~Moderately~Enough~A lot~Exactly,integer,custom-likert,,,,,
208,jold-SIMS,Identified regulation,1,sims-7,7,Because I believe that this game is important for me,Parce que je crois que ce jeu est important pour moi,Because I believe that this game is important for me,False,1,7,1,Not at all~Very little~A little~Moderately~Enough~A lot~Exactly,Pas du tout~Très peu~Un peu~Moyennement~Assez~Beaucoup~Exactement,Not at all~Very little~A little~Moderately~Enough~A lot~Exactly,integer,custom-likert,,,,,
207,jold-SIMS,Intrinsic motivation,1,sims-6,6,Because I feel good when playing this game,Parce que je me sens bien quand je joue à ce jeu,Because I feel good when playing this game,False,1,7,1,Not at all~Very little~A little~Moderately~Enough~A lot~Exactly,Pas du tout~Très peu~Un peu~Moyennement~Assez~Beaucoup~Exactement,Not at all~Very little~A little~Moderately~Enough~A lot~Exactly,integer,custom-likert,,,,,
206,jold-SIMS,Amotivation,1,sims-5,5,I don’t know; I don’t see what this game brings me,"Je ne sais pas, je ne vois pas ce que ce jeu m'apporte",I don’t know; I don’t see what this game brings me,False,1,7,1,Not at all~Very little~A little~Moderately~Enough~A lot~Exactly,Pas du tout~Très peu~Un peu~Moyennement~Assez~Beaucoup~Exactement,Not at all~Very little~A little~Moderately~Enough~A lot~Exactly,integer,custom-likert,,,,,
205,jold-SIMS,External regulation,1,sims-4,4,Because I am supposed to do it,Parce que je sens que je suis supposé la faire,Because I am supposed to do it,False,1,7,1,Not at all~Very little~A little~Moderately~Enough~A lot~Exactly,Pas du tout~Très peu~Un peu~Moyennement~Assez~Beaucoup~Exactement,Not at all~Very little~A little~Moderately~Enough~A lot~Exactly,integer,custom-likert,,,,,
204,jold-SIMS,Identified regulation,1,sims-3,3,It is for my own good,C'est pour mon propre bien,It is for my own good,False,1,7,1,Not at all~Very little~A little~Moderately~Enough~A lot~Exactly,Pas du tout~Très peu~Un peu~Moyennement~Assez~Beaucoup~Exactement,Not at all~Very little~A little~Moderately~Enough~A lot~Exactly,integer,custom-likert,,,,,
203,jold-SIMS,Intrinsic motivation,1,sims-2,2,Because this game is fun,Parce que ce jeu est amusant,Because this game is fun,False,1,7,1,Not at all~Very little~A little~Moderately~Enough~A lot~Exactly,Pas du tout~Très peu~Un peu~Moyennement~Assez~Beaucoup~Exactement,Not at all~Very little~A little~Moderately~Enough~A lot~Exactly,integer,custom-likert,,,,,
202,jold-SIMS,Amotivation,2,sims-18,18,"There may be good reasons for practicing this game, but personally I don’t see any","Il peut y avoir de bonnes raisons de jouer à ce jeu, mais personnellement je n'en vois aucune","There may be good reasons for practicing this game, but personally I don’t see any",False,1,7,1,Not at all~Very little~A little~Moderately~Enough~A lot~Exactly,Pas du tout~Très peu~Un peu~Moyennement~Assez~Beaucoup~Exactement,Not at all~Very little~A little~Moderately~Enough~A lot~Exactly,integer,custom-likert,,,,,
201,jold-SIMS,External regulation,2,sims-17,17,Because I don’t have any choice,Parce que je sens que je n'ai pas d'autres choix que de la faire,Because I don’t have any choice,False,1,7,1,Not at all~Very little~A little~Moderately~Enough~A lot~Exactly,Pas du tout~Très peu~Un peu~Moyennement~Assez~Beaucoup~Exactement,Not at all~Very little~A little~Moderately~Enough~A lot~Exactly,integer,custom-likert,,,,,
200,jold-SIMS,Identified regulation,2,sims-16,16,Because I think that this activity is good for me,Parce que je trouve que faire cette activité est bon pour moi,Because I think that this activity is good for me,False,1,7,1,Not at all~Very little~A little~Moderately~Enough~A lot~Exactly,Pas du tout~Très peu~Un peu~Moyennement~Assez~Beaucoup~Exactement,Not at all~Very little~A little~Moderately~Enough~A lot~Exactly,integer,custom-likert,,,,,
199,jold-SIMS,Intrinsic motivation,2,sims-15,15,Because I think that this activity is pleasant,Parce que je trouve cette activité agréable,Because I think that this activity is pleasant,False,1,7,1,Not at all~Very little~A little~Moderately~Enough~A lot~Exactly,Pas du tout~Très peu~Un peu~Moyennement~Assez~Beaucoup~Exactement,Not at all~Very little~A little~Moderately~Enough~A lot~Exactly,integer,custom-likert,,,,,
198,jold-SIMS,Amotivation,2,sims-14,14,"I keep practicing, but I am not sure I should continue","Je continue à m'entraîner, mais je ne suis pas sûr de devoir continuer","I keep practicing, but I am not sure I should continue",False,1,7,1,Not at all~Very little~A little~Moderately~Enough~A lot~Exactly,Pas du tout~Très peu~Un peu~Moyennement~Assez~Beaucoup~Exactement,Not at all~Very little~A little~Moderately~Enough~A lot~Exactly,integer,custom-likert,,,,,
197,jold-SIMS,External regulation,2,sims-13,13,Because it is something that I have to do,Parce que c'est quelque chose que je dois faire,Because it is something that I have to do,False,1,7,1,Not at all~Very little~A little~Moderately~Enough~A lot~Exactly,Pas du tout~Très peu~Un peu~Moyennement~Assez~Beaucoup~Exactement,Not at all~Very little~A little~Moderately~Enough~A lot~Exactly,integer,custom-likert,,,,,
196,jold-SIMS,Identified regulation,2,sims-12,12,Because I feel like playing this game,Parce que j'ai envie de jouer à ce jeu,Because I feel like playing this game,False,1,7,1,Not at all~Very little~A little~Moderately~Enough~A lot~Exactly,Pas du tout~Très peu~Un peu~Moyennement~Assez~Beaucoup~Exactement,Not at all~Very little~A little~Moderately~Enough~A lot~Exactly,integer,custom-likert,,,,,
195,jold-SIMS,Intrinsic motivation,2,sims-11,11,Because I think that this game is interesting,Parce que je trouve ce jeu intéressant,Because I think that this game is interesting,False,1,7,1,Not at all~Very little~A little~Moderately~Enough~A lot~Exactly,Pas du tout~Très peu~Un peu~Moyennement~Assez~Beaucoup~Exactement,Not at all~Very little~A little~Moderately~Enough~A lot~Exactly,integer,custom-likert,,,,,
194,jold-SIMS,NA,2,sims-10,10,"Read each item carefully. Using the scale below, please indicate <i>how much each item describes the reason why you are engaged in this activity</i> (i.e., Lunar Lander game).","Lisez attentivement chaque élément. À l'aide de l'échelle ci-dessous, veuillez indiquer <i>dans quelle mesure chaque élément décrit la raison pour laquelle vous participez à cette activité</i> (c'est-à-dire le jeu Lunar Lander).","Read each item carefully. Using the scale below, please indicate <i>how much each item describes the reason why you are engaged in this activity</i> (i.e., Lunar Lander game).",False,1,7,1,Not at all~Very little~A little~Moderately~Enough~A lot~Exactly,Pas du tout~Très peu~Un peu~Moyennement~Assez~Beaucoup~Exactement,Not at all~Very little~A little~Moderately~Enough~A lot~Exactly,integer,custom-header,,,,,
193,jold-SIMS,NA,1,sims-1,1,"Read each item carefully. Using the scale below, please indicate <i>how much each item describes the reason why you are engaged in this activity</i> (i.e., Lunar Lander game).","Lisez attentivement chaque élément. À l'aide de l'échelle ci-dessous, veuillez indiquer <i>dans quelle mesure chaque élément décrit la raison pour laquelle vous participez à cette activité</i> (c'est-à-dire le jeu Lunar Lander).","Read each item carefully. Using the scale below, please indicate <i>how much each item describes the reason why you are engaged in this activity</i> (i.e., Lunar Lander game).",False,1,7,1,Not at all~Very little~A little~Moderately~Enough~A lot~Exactly,Pas du tout~Très peu~Un peu~Moyennement~Assez~Beaucoup~Exactement,Not at all~Very little~A little~Moderately~Enough~A lot~Exactly,integer,custom-header,,,,,
192,jold-NASA-TLX,Frustration,1,jold-tlx-6,6,"How insecure, discouraged, irritated, stressed, and annoyed were you while playing the game?","A quel point vous étiez-vous senti découragé, irrité, stressé et ennuyé en jouant au jeu?","How insecure, discouraged, irritated, stressed, and annoyed were you while playing the game?",False,1,20,1,Very Low~Very High,Trés faible~Trés élevé,Very Low~Very High,integer,custom-polar,,,,,
191,jold-NASA-TLX,Effort,1,jold-tlx-5,5,How hard did you have to work to perform at your level of performance in the game?,Dans quelle mesure avez-vous dû fournir des efforts pour réussir dans le jeu ?,How hard did you have to work to perform at your level of performance in the game?,False,1,20,1,Very Low~Very High,Trés faible~Trés élevé,Very Low~Very High,integer,custom-polar,,,,,
190,jold-NASA-TLX,Performance,1,jold-tlx-4,4,How successful were you in the game?,Quelle a été votre réussite dans le jeu ?,How successful were you in the game?,False,1,20,1,Perfect~Failure,Trés faible~Trés élevé,Perfect~Failure,integer,custom-polar,,,,,
189,jold-NASA-TLX,Temporal demand,1,jold-tlx-3,3,How hurried or rushed was the pace of the game?,Le rythme du jeu était-il rapide ou précipité ?,How hurried or rushed was the pace of the game?,False,1,20,1,Very Low~Very High,Trés faible~Trés élevé,Very Low~Very High,integer,custom-polar,,,,,
188,jold-NASA-TLX,Physical demand,1,jold-tlx-2,2,How physically demanding was the game?,Le jeu était-il physiquement exigeant ?,How physically demanding was the game?,False,1,20,1,Very Low~Very High,Trés faible~Trés élevée,Very Low~Very High,integer,custom-polar,,,,,
187,jold-NASA-TLX,Mental Demand,1,jold-tlx-1,1,How mentally demanding was the game?,Le jeu était-il mentalement exigeant ?,How mentally demanding was the game?,False,1,20,1,Very Low~Very High,Trés faible~Trés élevée,Very Low~Very High,integer,custom-polar,,,,,
186,mot-UEQ,User Experience,4,mot-ueq-30,30,Conservative or innovative?,Conservateur ou Innovant ?,Conservative or innovative?,True,1,7,1,Conservative~Innovative,Conservateur~Innovant,Conservative~Innovative,integer,custom-polar,,,,,
185,mot-UEQ,User Experience,4,mot-ueq-29,29,Friendly or unfriendly?,Sympathique ou Inamical ?,Friendly or unfriendly?,True,1,7,1,Friendly~Unfriendly,Sympathique~Inamical,Friendly~Unfriendly,integer,custom-polar,,,,,
184,mot-UEQ,User Experience,4,mot-ueq-28,28,Attractive or unattractive?,Attrayant ou Rébarbatif ?,Attractive or unattractive?,True,1,7,1,Attractive~Unattractive,Attrayant~Rébarbatif,Attractive~Unattractive,integer,custom-polar,,,,,
183,mot-UEQ,User Experience,4,mot-ueq-27,27,Organized or cluttered?,Sobre ou Surchargé ?,Organized or cluttered?,True,1,7,1,Organized~Cluttered,Sobre~Surchargé,Organized~Cluttered,integer,custom-polar,,,,,
182,mot-UEQ,User Experience,4,mot-ueq-26,26,Impractical or practical?,Non pragmatique ou Pragmatique ?,Impractical or practical?,True,1,7,1,Impractical~Practical,Non pragmatique~Pragmatique,Impractical~Practical,integer,custom-polar,,,,,
181,mot-UEQ,User Experience,4,mot-ueq-25,25,Evaluate your overall experience of using our online experimentation platform: Flowers Online Lab,Évaluez votre expérience globale de votre utilisation de notre plateforme d'expérimentation en ligne : Flowers Online Lab,Evaluate your overall experience of using our online experimentation platform: Flowers Online Lab,True,1,7,1,Impractical~Practical,Non pragmatique~Pragmatique,Impractical~Practical,integer,custom-header,,,,,
180,mot-UEQ,User Experience,3,mot-ueq-24,24,Clear or confusing?,Clair ou Déroutant ?,Clear or confusing?,True,1,7,1,Clear~Confusing,Clair~Déroutant,Clear~Confusing,integer,custom-polar,,,,,
179,mot-UEQ,User Experience,3,mot-ueq-23,23,Inefficient or efficient?,Inefficace ou Efficace ?,Inefficient or efficient?,True,1,7,1,Inefficient~Efficient,Inefficace~Efficace ,Inefficient~Efficient,integer,custom-polar,,,,,
178,mot-UEQ,User Experience,3,mot-ueq-22,22,Meets expectations or does not meet expectations?,Répond aux attentes ou Ne répond pas aux attentes ?,Meets expectations or does not meet expectations?,True,1,7,1,Meets expectations~Does not meet expectations,Répond aux attentes~Ne répond pas aux attentes,Meets expectations~Does not meet expectations,integer,custom-polar,,,,,
177,mot-UEQ,User Experience,3,mot-ueq-21,21,Motivating or demotivating?,Stimulant ou Soporifique ?,Motivating or demotivating?,True,1,7,1,Motivating~Demotivating,Stimulant~Soporifique,Motivating~Demotivating,integer,custom-polar,,,,,
176,mot-UEQ,User Experience,3,mot-ueq-20,20,Secure or not secure?,Sécurisant ou Insécurisant ?,Secure or not secure?,True,1,7,1,Secure~Not secure,Sécurisant~Insécurisant,Secure~Not secure,integer,custom-polar,,,,,
175,mot-UEQ,User Experience,3,mot-ueq-19,19,Unpleasant or pleasant?,Désagréable ou Agréable ?,Unpleasant or pleasant?,True,1,7,1, Unpleasant~Pleasant,Désagréable~Agréable, Unpleasant~Pleasant,integer,custom-polar,,,,,
174,mot-UEQ,User Experience,3,mot-ueq-18,18,Usual or leading edge?,Habituel ou Avant-gardiste ?,Usual or leading edge?,True,1,7,1,Usual~Leading edge,Habituel~Avant-gardiste,Usual~Leading edge,integer,custom-polar,,,,,
173,mot-UEQ,User Experience,3,mot-ueq-17,17,Evaluate your overall experience of using our online experimentation platform: Flowers Online Lab,Évaluez votre expérience globale de votre utilisation de notre plateforme d'expérimentation en ligne : Flowers Online Lab,Evaluate your overall experience of using our online experimentation platform: Flowers Online Lab,True,1,7,1,Usual~Leading edge,Habituel~Avant-gardiste,Usual~Leading edge,integer,custom-header,,,,,
172,mot-UEQ,User Experience,2,mot-ueq-16,16,Unlikable or pleasing?,Repoussant ou Attractif ?,Unlikable or pleasing?,True,1,7,1,Unlikable~Pleasing,Repoussant~Attractif,Unlikable~Pleasing,integer,custom-polar,,,,,
171,mot-UEQ,User Experience,2,mot-ueq-15,15,Complicated or easy?,Compliqué ou Simple ?,Complicated or easy?,True,1,7,1,Complicated~Easy,Compliqué~Simple,Complicated~Easy,integer,custom-polar,,,,,
170,mot-UEQ,User Experience,2,mot-ueq-14,14,Good or bad?,Bien ou Médiocre ?,Good or bad?,True,1,7,1,Good~bad,Bien~Médiocre,Good~bad,integer,custom-polar,,,,,
169,mot-UEQ,User Experience,2,mot-ueq-13,13,Obstructive or supportive?,Rigide ou Facilitant ?,Obstructive or supportive?,True,1,7,1,Obstructive~Supportive,Rigide~Facilitant,Obstructive~Supportive,integer,custom-polar,,,,,
168,mot-UEQ,User Experience,2,mot-ueq-12,12,Inventive or conventional?,Original ou Conventionnel ?,Inventive or conventional?,True,1,7,1,Inventive~Conventional,Original~Conventionnel,Inventive~Conventional,integer,custom-polar,,,,,
167,mot-UEQ,User Experience,2,mot-ueq-11,11,Fast or slow?,Rapide ou Lent ?,Fast or slow?,True,1,7,1,Fast~Slow,Rapide~Lent,Fast~Slow,integer,custom-polar,,,,,
166,mot-UEQ,User Experience,2,mot-ueq-10,10,Unpredictable or predictable?,Imprévisible ou Prévisible ?,Unpredictable or predictable?,True,1,7,1,Unpredictable~Predictable,Imprévisible~Prévisible,Unpredictable~Predictable,integer,custom-polar,,,,,
165,mot-UEQ,User Experience,2,mot-ueq-9,9,Evaluate your overall experience of using our online experimentation platform: Flowers Online Lab,Évaluez votre expérience globale de votre utilisation de notre plateforme d'expérimentation en ligne : Flowers Online Lab,Evaluate your overall experience of using our online experimentation platform: Flowers Online Lab,True,1,7,1,Unpredictable~Predictable,Imprévisible~Prévisible,Unpredictable~Predictable,integer,custom-header,,,,,
164,mot-UEQ,User Experience,1,mot-ueq-8,8,Not interesting or interesting?,Inintéressant ou Intéressant ?,Not interesting or interesting?,True,1,7,1,Not interesting~Interesting,Inintéressant~Intéressant,Not interesting~Interesting,integer,custom-polar,,,,,
163,mot-UEQ,User Experience,1,mot-ueq-7,7,Boring or exciting?,Ennuyeux ou Captivant ?,Boring or exciting?,True,1,7,1,Boring~Exciting,Ennuyeux~Captivant,Boring~Exciting,integer,custom-polar,,,,,
162,mot-UEQ,User Experience,1,mot-ueq-6,6,Valuable or inferior?,Apporte de la valeur ou Peu de valeur ajoutée? ,Valuable or inferior?,True,1,7,1,Valuable~Inferior,Apporte de la valeur~Peu de valeur ajoutée ,Valuable~Inferior,integer,custom-polar,,,,,
161,mot-UEQ,User Experience,1,mot-ueq-5,5,Easy to learn or difficult to learn?,Appropriation simple ou Appropriation compliquée ?,Easy to learn or difficult to learn?,True,1,7,1,Easy to learn~Difficult to learn,Appropriation simple~Appropriation compliquée,Easy to learn~Difficult to learn,integer,custom-polar,,,,,
160,mot-UEQ,User Experience,1,mot-ueq-4,4,Creative or dull?,Moderne ou Sans fantaisie ?,Creative or dull?,True,1,7,1,Creative~Dull,Moderne~Sans fantaisie,Creative~Dull,integer,custom-polar,,,,,
159,mot-UEQ,User Experience,1,mot-ueq-3,3,Not understandable or understandable?,Incompréhensible ou Compréhensible ?,Not understandable or understandable?,True,1,7,1,Not understandable~Understandable,Incompréhensible~Compréhensible,Not understandable~Understandable,integer,custom-polar,,,,,
158,mot-UEQ,User Experience,1,mot-ueq-2,2,Annoying or enjoyable?,Agacant ou Agréable ?,Annoying or enjoyable?,True,1,7,1,Annoying~Enjoyable,Agacant~Agréable,Annoying~Enjoyable,integer,custom-polar,,,,,
157,mot-UEQ,User Experience,1,mot-ueq-1,1,Evaluate your overall experience of using our online experimentation platform: Flowers Online Lab,Évaluez votre expérience globale de votre utilisation de notre plateforme d'expérimentation en ligne : Flowers Online Lab,Evaluate your overall experience of using our online experimentation platform: Flowers Online Lab,True,1,7,1,Annoying~Enjoyable,Agacant~Agréable,Annoying~Enjoyable,integer,custom-header,,,,,
156,mot-NASA-TLX,Frustration,1,mot-tlx-6,6,"How insecure, discouraged, irritated, stressed, and annoyed versus secure, gratified, content, relaxed, and complacent did you feel during the task?",Pendant l’exécution des tâches; vous êtes-vous senti satisfait et détendu (niveau de frustration faible) ou plutôt découragé et stressé (niveau de frustration élevé) ?,"How insecure, discouraged, irritated, stressed, and annoyed versus secure, gratified, content, relaxed, and complacent did you feel during the task?",False,1,20,1,Very Low~Very High,Trés faible~Trés élevé,Very Low~Very High,integer,custom-polar,,,,,
155,mot-NASA-TLX,Effort,1,mot-tlx-5,5,How hard did you have to work (mentally and physically) to accomplish your level of performance?,Est-ce que ces tâches vous ont demandées beaucoup d'effort (mentalement et physiquement) ?,How hard did you have to work (mentally and physically) to accomplish your level of performance?,False,1,20,1,Very Low~Very High,Trés faible~Trés élevé,Very Low~Very High,integer,custom-polar,,,,,
154,mot-NASA-TLX,Performance,1,mot-tlx-4,4,How successful do you think you were in accomplishing the goals of the task set by the experimenter (or yourself)? How satisfied were you with your preformance in accomplishing these goals?,A quel point pensez-vous avoir atteint les objectifs déterminés par les tâches ?,How successful do you think you were in accomplishing the goals of the task set by the experimenter (or yourself)? How satisfied were you with your preformance in accomplishing these goals?,False,1,20,1,Perfect~Failure,Trés faible~Trés élevé,Perfect~Failure,integer,custom-polar,,,,,
153,mot-NASA-TLX,Temporal demand,1,mot-tlx-3,3,How much time pressure did you feel due to the rate or pace at which the task or task elements occurred? Was the pace slow and leisurely or rapid and frantic?,Le temps donné pour réaliser les tâches était-il une source de pression pour vous ? Etait-ce un rythme lent et tranquille (faible) ou rapide et précipité (élevé) ?,How much time pressure did you feel due to the rate or pace at which the task or task elements occurred? Was the pace slow and leisurely or rapid and frantic?,False,1,20,1,Very Low~Very High,Trés faible~Trés élevé,Very Low~Very High,integer,custom-polar,,,,,
152,mot-NASA-TLX,Physical demand,1,mot-tlx-2,2,"How much physical activity was required (e.g., pushing, pulling, turning, controlling, activating, etc.)? Was the task easy or demanding, slow or brisk, slack or strenuous, restful or laborious?","Les tâches pratiquées ont elles demandées beaucoup d'effort physique (ex. pousser, porter, tourner, marcher, activer, etc.) ? Les tâches vous ont elle parues faciles et peu fatigantes (faibles) ou pénibles et fatigantes (élevées) ?","How much physical activity was required (e.g., pushing, pulling, turning, controlling, activating, etc.)? Was the task easy or demanding, slow or brisk, slack or strenuous, restful or laborious?",False,1,20,1,Very Low~Very High,Trés faible~Trés élevée,Very Low~Very High,integer,custom-polar,,,,,
151,mot-NASA-TLX,Mental Demand,1,mot-tlx-1,1,"How much mental and perceptual activity was required (e.g., thinking, deciding, calculating, remembering, looking, searching, etc.)? Was the task easy or demanding, simple or complex, exacting or forgiving?","Les tâches pratiquées ont elles demandées beaucoup de réflexion (ex. réflexion, calcul, mémorisation, décision, recherche, ...) ? Les tâches vous ont-elle parues simples, nécessitant peu d’attention (faibles) ou complexe, nécessitant beaucoup d’attention (élevées) ?","How much mental and perceptual activity was required (e.g., thinking, deciding, calculating, remembering, looking, searching, etc.)? Was the task easy or demanding, simple or complex, exacting or forgiving?",False,1,20,1,Very Low~Very High,Trés faible~Trés élevée,Very Low~Very High,integer,custom-polar,,,,,
150,VGQ,game_habit,2,vgq-8,8,Other that don't fit into any of the categories,Autres jeux qui ne correspondent à aucune catégories précédentes,Other that don't fit into any of the categories,False,1,5,1,never~less than 1 hour~between 1 and 3 hours~between 3 and 5 hours~more than 10 hours,Jamais~Moins d'une heure~Entre 1 et 3 heures~Entre 3 et 5 heures~Plus de 10 heures,never~less than 1 hour~between 1 and 3 hours~between 3 and 5 hours~more than 10 hours,integer,custom-likert,"ex: Phone games, Browser games, Fighting games, etc","ex: Jeux mobiles, jeux sur navigateurs, jeux de combats","ex: Phone games, Browser games, Fighting games, etc",,
149,VGQ,game_habit,2,vgq-7,7,Music games,Jeux de musique,Music games,False,1,5,1,never~less than 1 hour~between 1 and 3 hours~between 3 and 5 hours~more than 10 hours,Jamais~Moins d'une heure~Entre 1 et 3 heures~Entre 3 et 5 heures~Plus de 10 heures,never~less than 1 hour~between 1 and 3 hours~between 3 and 5 hours~more than 10 hours,integer,custom-likert,"ex: Guitar Hero, DDR, Rock Band","ex: Guitar Hero, DDR, Rock Band","ex: Guitar Hero, DDR, Rock Band",,
148,VGQ,game_habit,2,vgq-6,6,Turn-based strategy / Life simulation / Puzzle ,Jeux à base de tours stratégique / Simulation de vie / Puzzle ,Turn-based strategy / Life simulation / Puzzle ,False,1,5,1,never~less than 1 hour~between 1 and 3 hours~between 3 and 5 hours~more than 10 hours,Jamais~Moins d'une heure~Entre 1 et 3 heures~Entre 3 et 5 heures~Plus de 10 heures,never~less than 1 hour~between 1 and 3 hours~between 3 and 5 hours~more than 10 hours,integer,custom-likert,"ex: Civilization, Hearthstone, The Sims, Restaurant Empire, Puzzle Quest, Bejeweled, Solitaire, Candy Crush","ex: Civilization, Hearthstone, The Sims, Restaurant Empire, Puzzle Quest, Bejeweled, Solitaire, Candy Crush","ex: Civilization, Hearthstone, The Sims, Restaurant Empire, Puzzle Quest, Bejeweled, Solitaire, Candy Crush",,
147,VGQ,game_habit,2,vgq-5,5,Turn-based / Non-action role playing / Fantasy ,Jeux à base de tours / Jeu de rôle sans action / Fantasy ,Turn-based / Non-action role playing / Fantasy ,False,1,5,1,never~less than 1 hour~between 1 and 3 hours~between 3 and 5 hours~more than 10 hours,Jamais~Moins d'une heure~Entre 1 et 3 heures~Entre 3 et 5 heures~Plus de 10 heures,never~less than 1 hour~between 1 and 3 hours~between 3 and 5 hours~more than 10 hours,integer,custom-likert,"ex: World of Warcraft, Final Fantasy, Fable, Pokemon, Dragon Age","ex: World of Warcraft, Final Fantasy, Fable, Pokemon, Dragon Age","ex: World of Warcraft, Final Fantasy, Fable, Pokemon, Dragon Age",,
146,VGQ,game_habit,1,vgq-4,4,Real time strategy / MOBA ,Stratégie en temps réel / MOBA ,Real time strategy / MOBA ,False,1,5,1,never~less than 1 hour~between 1 and 3 hours~between 3 and 5 hours~more than 10 hours,Jamais~Moins d'une heure~Entre 1 et 3 heures~Entre 3 et 5 heures~Plus de 10 heures,never~less than 1 hour~between 1 and 3 hours~between 3 and 5 hours~more than 10 hours,integer,custom-likert,"ex: Starcraft, Warcraft I, II & III, DotA, Command & Conquer, League of Legends, Age of Empire","ex: Starcraft, Warcraft I, II & III, DotA, Command & Conquer, League of Legends, Age of Empire","ex: Starcraft, Warcraft I, II & III, DotA, Command & Conquer, League of Legends, Age of Empire",,
145,VGQ,game_habit,1,vgq-3,3,Sport / Driving,Sport / Pilotage,Sport / Driving,False,1,5,1,never~less than 1 hour~between 1 and 3 hours~between 3 and 5 hours~more than 10 hours,Jamais~Moins d'une heure~Entre 1 et 3 heures~Entre 3 et 5 heures~Plus de 10 heures,never~less than 1 hour~between 1 and 3 hours~between 3 and 5 hours~more than 10 hours,integer,custom-likert,"ex: Fifa, NHL, Mario Kart, Need for Speed, Forza","ex: Fifa, NHL, Mario Kart, Need for Speed, Forza","ex: Fifa, NHL, Mario Kart, Need for Speed, Forza",,
144,VGQ,game_habit,1,vgq-2,2,Action - RPG / Adventure,Action - RPG / Aventure,Action - RPG / Adventure,False,1,5,1,never~less than 1 hour~between 1 and 3 hours~between 3 and 5 hours~more than 10 hours,Jamais~Moins d'une heure~Entre 1 et 3 heures~Entre 3 et 5 heures~Plus de 10 heures,never~less than 1 hour~between 1 and 3 hours~between 3 and 5 hours~more than 10 hours,integer,custom-likert,"ex :The Witcher, Mass Effect, Fallout 4, Skyrim, GTA, Assassin’s Creed, Tomb Raider, The Last of Us","ex :The Witcher, Mass Effect, Fallout 4, Skyrim, GTA, Assassin’s Creed, Tomb Raider, The Last of Us","ex :The Witcher, Mass Effect, Fallout 4, Skyrim, GTA, Assassin’s Creed, Tomb Raider, The Last of Us",,
143,VGQ,game_habit,1,vgq-1,1,First/Third Person Shooter (FPS/TPS) ,First/Third Person Shooter (FPS/TPS) ,First/Third Person Shooter (FPS/TPS) ,False,1,5,1,never~less than 1 hour~between 1 and 3 hours~between 3 and 5 hours~more than 10 hours,Jamais~Moins d'une heure~Entre 1 et 3 heures~Entre 3 et 5 heures~Plus de 10 heures,never~less than 1 hour~between 1 and 3 hours~between 3 and 5 hours~more than 10 hours,integer,custom-likert,"ex: Call Of Duty, Halo, Battlefield, Half-Life, Overwatch, Counterstrike","ex: Call Of Duty, Halo, Battlefield, Half-Life, Overwatch, Counterstrike","ex: Call Of Duty, Halo, Battlefield, Half-Life, Overwatch, Counterstrike",,
142,get_mot_profil,long_term,3,prof-mot-11,12,How many years did you study?,Combien d'années avez-vous étudié?,How many years did you study?,False,0,1,1,12 or less (secondary)~ 12 to 15 (undergraduate)~ 15 to 18 (graduate)~ more than 18 (doctoral),12 ou moins (Bac ou avant)~ 12 à 15 (Bac à Bac+3)~ 15 à 18 (Bac+5 à Bac+8)~ plus de 18,12 or less (secondary)~ 12 to 15 (undergraduate)~ 15 to 18 (graduate)~ more than 18 (doctoral),integer,custom-likert,,,,,
141,get_mot_profil,long_term,2,prof-mot-10,11,Have you ever follow an online course ?,Avez-vous déjà suivi un cours en ligne ?,Have you ever follow an online course ?,False,0,1,1,yes~no,oui~non,yes~no,boolean,custom-select,,,,,
140,get_mot_profil,long_term,2,prof-mot-9,10,Have you ever follow a training of attention?,Avez-vous déjà suivi un entraînement de l'attention ?,Have you ever follow a training of attention?,False,0,1,1,yes~no,oui~non,yes~no,boolean,custom-select,,,,,
139,get_mot_profil,long_term,2,prof-mot-8,9,How often do you drive ?,A quelle fréquence conduisez-vous ?,How often do you drive ?,False,1,100,1,Never~Rarely~Occasionally~Often~Very often,Jamais~Rarement~De temps en temps~Souvent~Très souvent,Never~Rarely~Occasionally~Often~Very often,string,custom-likert,,,,,
138,get_mot_profil,long_term,2,prof-mot-7,8,When did you start driving?,Depuis quand conduisez-vous ?,When did you start driving?,False,1,4,1,Never~Less than a year~Between 1 and 5 years~More than 5 years,Jamais~Moins d'un an~Entre 1 et 5 ans~Plus de 5 ans,Never~Less than a year~Between 1 and 5 years~More than 5 years,string,custom-likert,,,,,
137,get_mot_profil,long_term,2,prof-mot-6,7,Driving licence,Permis de conduire,Driving licence,False,0,1,1,yes~no,oui~non,yes~no,boolean,custom-select,,,,,
136,get_mot_profil,long_term,1,prof-mot-5,6,A quelle(s) catégorie(s) de jeux jouez-vous ?,A quelle(s) catégorie(s) de jeux jouez-vous ?,A quelle(s) catégorie(s) de jeux jouez-vous ?,False,0,4,1,FPS(ex:Call of Duty)~Action(ex:The last of us)~Sport(ex: Fifa)~MMO (ex:World of warcraft)~RPG (ex:Final Fantasy),FPS(ex:Call of Duty)~Action(ex:The last of us)~Sport(ex: Fifa)~MMO (ex:World of warcraft)~RPG (ex:Final Fantasy),FPS(ex:Call of Duty)~Action(ex:The last of us)~Sport(ex: Fifa)~MMO (ex:World of warcraft)~RPG (ex:Final Fantasy),string,custom-categories,,,,,
135,get_mot_profil,long_term,1,prof-mot-4,5,Fréquence de la pratique des jeux vidéos,Fréquence de la pratique des jeux vidéos,Fréquence de la pratique des jeux vidéos,False,1,5,1,Jamais~Rarement~De temps en temps~Souvent~Très souvent,Jamais~Rarement~De temps en temps~Souvent~Très souvent,Jamais~Rarement~De temps en temps~Souvent~Très souvent,integer,custom-likert,,,,,
134,get_mot_profil,long_term,1,prof-mot-3,4,When did you start playing video games?,Début de pratique des jeux vidéos,When did you start playing video games?,False,0,99,1,none,none,none,integer,custom-float,Number of years.,"Indiquez le nombre d'années. Si jamais pratiqué, répondre ""0""",Number of years.,,
133,get_mot_profil,long_term,1,prof-mot-12,3,Year of birth,Année de naissance,Year of birth,False,,,,,,,integer,custom-int,,,,is_pos_num,1950
132,get_mot_profil,long_term,1,prof-mot-2,2,Gender,Genre,Gender,False,0,2,1,female~male~other,femme~homme~autre,female~male~other,string,custom-select,,,,,
131,get_mot_profil,long_term,1,prof-mot-1,1,Size of the diagonal of your screen (in or cm) ?,Taille de la diagonale de votre écran en cm,Size of the diagonal of your screen (in or cm) ?,False,0,1,1,none,none,none,float,multiple-widget,"(If you don't know how to retrieve it, you can use: <a href='https://www.piliapp.com/actual-size/what-is-my-monitor-size/credit-card/' target='_blank'> my size </a>)","(Si vous ne le connaissez pas, vous pouvez utiliser le lien suivant: <a href='https://www.piliapp.com/actual-size/what-is-my-monitor-size/credit-card/' target='_blank'> mes dimensions </a>)","(If you don't know how to retrieve it, you can use: <a href='https://www.piliapp.com/actual-size/what-is-my-monitor-size/credit-card/' target='_blank'> my size </a>)",is_pos_num,
130,get_attention,long_term,2,att-6,6,"How often do you feel overly active and compelled to do things, like you were driven by a motor?","À quelle fréquence vous arrive-t-il de vous sentir excessivement actif et contraint de faire quelque chose, comme si vous étiez entraîné malgré vous par un moteur?","How often do you feel overly active and compelled to do things, like you were driven by a motor?",False,1,5,1,Never~Rarely~Sometimes~Often~Very Often,Jamais~Rarement~Quelques fois~Souvent~Très souvent,Never~Rarely~Sometimes~Often~Very Often,integer,custom-likert,,,,,
129,get_attention,long_term,2,att-5,5,How often do you fidget or squirm with your hands or feet when you have to sit down for a long time?,À quelle fréquence vous arrive-t-il de remuer ou de tortiller les mains ou les pieds lorsque vous devez rester assis pendant une période prolongée?,How often do you fidget or squirm with your hands or feet when you have to sit down for a long time?,False,1,5,1,Never~Rarely~Sometimes~Often~Very Often,Jamais~Rarement~Quelques fois~Souvent~Très souvent,Never~Rarely~Sometimes~Often~Very Often,integer,custom-likert,,,,,
128,get_attention,long_term,2,att-4,4,"When you have a task that requires a lot of thought, how often do you avoid or delay getting started?","Quand vous devez faire quelque chose qui demande beaucoup de réflexion, à quelle fréquence vous arrive-t-il d’éviter de le faire ou de le remettre à plus tard?","When you have a task that requires a lot of thought, how often do you avoid or delay getting started?",False,1,5,1,Never~Rarely~Sometimes~Often~Very Often,Jamais~Rarement~Quelques fois~Souvent~Très souvent,Never~Rarely~Sometimes~Often~Very Often,integer,custom-likert,,,,,
127,get_attention,long_term,1,att-3,3,How often do you have problems remembering appointments or obligations?,À quelle fréquence vous arrive-t-il d’avoir des difficultés à vous rappeler vos rendez-vous ou vos obligations?,How often do you have problems remembering appointments or obligations?,False,1,5,1,Never~Rarely~Sometimes~Often~Very Often,Jamais~Rarement~Quelques fois~Souvent~Très souvent,Never~Rarely~Sometimes~Often~Very Often,integer,custom-likert,,,,,
126,get_attention,long_term,1,att-2,2,How often do you have difficulty getting things in order when you have to do a task that requires organization?,À quelle fréquence vous arrive-t-il d’avoir des difficultés à mettre les choses en ordre lorsque vous devez faire quelque chose qui demande de l’organisation? ,How often do you have difficulty getting things in order when you have to do a task that requires organization?,False,1,5,1,Never~Rarely~Sometimes~Often~Very Often,Jamais~Rarement~Quelques fois~Souvent~Très souvent,Never~Rarely~Sometimes~Often~Very Often,integer,custom-likert,,,,,
125,get_attention,long_term,1,att-1,1,"How often do you have trouble wrapping up the final details of a project, once the challenging parts have been done?",À quelle fréquence vous arrive-t-il d’avoir des difficultés à finaliser les derniers détails d’un projet une fois que les parties les plus stimulantes ont été faites?,"How often do you have trouble wrapping up the final details of a project, once the challenging parts have been done?",False,1,5,1,Never~Rarely~Sometimes~Often~Very Often,Jamais~Rarement~Quelques fois~Souvent~Très souvent,Never~Rarely~Sometimes~Often~Very Often,integer,custom-likert,,,,,
124,jold-UEQ,User Experience,4,ueq-30,30,Conservative or innovative?,Conservateur ou Innovant ?,Conservative or innovative?,True,1,7,1,Conservative~Innovative,Conservateur~Innovant,Conservative~Innovative,integer,custom-polar,,,,,
123,jold-UEQ,User Experience,4,ueq-29,29,Friendly or unfriendly?,Sympathique ou Inamical ?,Friendly or unfriendly?,True,1,7,1,Friendly~Unfriendly,Sympathique~Inamical,Friendly~Unfriendly,integer,custom-polar,,,,,
122,jold-UEQ,User Experience,4,ueq-28,28,Attractive or unattractive?,Attrayant ou Rébarbatif ?,Attractive or unattractive?,True,1,7,1,Attractive~Unattractive,Attrayant~Rébarbatif,Attractive~Unattractive,integer,custom-polar,,,,,
121,jold-UEQ,User Experience,4,ueq-27,27,Organized or cluttered?,Sobre ou Surchargé ?,Organized or cluttered?,True,1,7,1,Organized~Cluttered,Sobre~Surchargé,Organized~Cluttered,integer,custom-polar,,,,,
120,jold-UEQ,User Experience,4,ueq-26,26,Impractical or practical?,Non pragmatique ou Pragmatique ?,Impractical or practical?,True,1,7,1,Impractical~Practical,Non pragmatique~Pragmatique,Impractical~Practical,integer,custom-polar,,,,,
119,jold-UEQ,User Experience,4,ueq-25,25,Evaluate your overall experience of using our online experimentation platform: Flowers Online Lab,Évaluez votre expérience globale de votre utilisation de notre plateforme d'expérimentation en ligne : Flowers Online Lab,Evaluate your overall experience of using our online experimentation platform: Flowers Online Lab,True,1,7,1,Impractical~Practical,Non pragmatique~Pragmatique,Impractical~Practical,integer,custom-header,,,,,
118,jold-UEQ,User Experience,3,ueq-24,24,Clear or confusing?,Clair ou Déroutant ?,Clear or confusing?,True,1,7,1,Clear~Confusing,Clair~Déroutant,Clear~Confusing,integer,custom-polar,,,,,
117,jold-UEQ,User Experience,3,ueq-23,23,Inefficient or efficient?,Inefficace ou Efficace ?,Inefficient or efficient?,True,1,7,1,Inefficient~Efficient,Inefficace~Efficace ,Inefficient~Efficient,integer,custom-polar,,,,,
116,jold-UEQ,User Experience,3,ueq-22,22,Meets expectations or does not meet expectations?,Répond aux attentes ou Ne répond pas aux attentes ?,Meets expectations or does not meet expectations?,True,1,7,1,Meets expectations~Does not meet expectations,Répond aux attentes~Ne répond pas aux attentes,Meets expectations~Does not meet expectations,integer,custom-polar,,,,,
115,jold-UEQ,User Experience,3,ueq-21,21,Motivating or demotivating?,Stimulant ou Soporifique ?,Motivating or demotivating?,True,1,7,1,Motivating~Demotivating,Stimulant~Soporifique,Motivating~Demotivating,integer,custom-polar,,,,,
114,jold-UEQ,User Experience,3,ueq-20,20,Secure or not secure?,Sécurisant ou Insécurisant ?,Secure or not secure?,True,1,7,1,Secure~Not secure,Sécurisant~Insécurisant,Secure~Not secure,integer,custom-polar,,,,,
113,jold-UEQ,User Experience,3,ueq-19,19,Unpleasant or pleasant?,Désagréable ou Agréable ?,Unpleasant or pleasant?,True,1,7,1, Unpleasant~Pleasant,Désagréable~Agréable, Unpleasant~Pleasant,integer,custom-polar,,,,,
112,jold-UEQ,User Experience,3,ueq-18,18,Usual or leading edge?,Habituel ou Avant-gardiste ?,Usual or leading edge?,True,1,7,1,Usual~Leading edge,Habituel~Avant-gardiste,Usual~Leading edge,integer,custom-polar,,,,,
111,jold-UEQ,User Experience,3,ueq-17,17,Evaluate your overall experience of using our online experimentation platform: Flowers Online Lab,Évaluez votre expérience globale de votre utilisation de notre plateforme d'expérimentation en ligne : Flowers Online Lab,Evaluate your overall experience of using our online experimentation platform: Flowers Online Lab,True,1,7,1,Usual~Leading edge,Habituel~Avant-gardiste,Usual~Leading edge,integer,custom-header,,,,,
110,jold-UEQ,User Experience,2,ueq-16,16,Unlikable or pleasing?,Repoussant ou Attractif ?,Unlikable or pleasing?,True,1,7,1,Unlikable~Pleasing,Repoussant~Attractif,Unlikable~Pleasing,integer,custom-polar,,,,,
109,jold-UEQ,User Experience,2,ueq-15,15,Complicated or easy?,Compliqué ou Simple ?,Complicated or easy?,True,1,7,1,Complicated~Easy,Compliqué~Simple,Complicated~Easy,integer,custom-polar,,,,,
108,jold-UEQ,User Experience,2,ueq-14,14,Good or bad?,Bien ou Médiocre ?,Good or bad?,True,1,7,1,Good~bad,Bien~Médiocre,Good~bad,integer,custom-polar,,,,,
107,jold-UEQ,User Experience,2,ueq-13,13,Obstructive or supportive?,Rigide ou Facilitant ?,Obstructive or supportive?,True,1,7,1,Obstructive~Supportive,Rigide~Facilitant,Obstructive~Supportive,integer,custom-polar,,,,,
106,jold-UEQ,User Experience,2,ueq-12,12,Inventive or conventional?,Original ou Conventionnel ?,Inventive or conventional?,True,1,7,1,Inventive~Conventional,Original~Conventionnel,Inventive~Conventional,integer,custom-polar,,,,,
105,jold-UEQ,User Experience,2,ueq-11,11,Fast or slow?,Rapide ou Lent ?,Fast or slow?,True,1,7,1,Fast~Slow,Rapide~Lent,Fast~Slow,integer,custom-polar,,,,,
104,jold-UEQ,User Experience,2,ueq-10,10,Unpredictable or predictable?,Imprévisible ou Prévisible ?,Unpredictable or predictable?,True,1,7,1,Unpredictable~Predictable,Imprévisible~Prévisible,Unpredictable~Predictable,integer,custom-polar,,,,,
103,jold-UEQ,User Experience,2,ueq-9,9,Evaluate your overall experience of using our online experimentation platform: Flowers Online Lab,Évaluez votre expérience globale de votre utilisation de notre plateforme d'expérimentation en ligne : Flowers Online Lab,Evaluate your overall experience of using our online experimentation platform: Flowers Online Lab,True,1,7,1,Unpredictable~Predictable,Imprévisible~Prévisible,Unpredictable~Predictable,integer,custom-header,,,,,
102,jold-UEQ,User Experience,1,ueq-8,8,Not interesting or interesting?,Inintéressant ou Intéressant ?,Not interesting or interesting?,True,1,7,1,Not interesting~Interesting,Inintéressant~Intéressant,Not interesting~Interesting,integer,custom-polar,,,,,
101,jold-UEQ,User Experience,1,ueq-7,7,Boring or exciting?,Ennuyeux ou Captivant ?,Boring or exciting?,True,1,7,1,Boring~Exciting,Ennuyeux~Captivant,Boring~Exciting,integer,custom-polar,,,,,
100,jold-UEQ,User Experience,1,ueq-6,6,Valuable or inferior?,Apporte de la valeur ou Peu de valeur ajoutée? ,Valuable or inferior?,True,1,7,1,Valuable~Inferior,Apporte de la valeur~Peu de valeur ajoutée ,Valuable~Inferior,integer,custom-polar,,,,,
99,jold-UEQ,User Experience,1,ueq-5,5,Easy to learn or difficult to learn?,Appropriation simple ou Appropriation compliquée ?,Easy to learn or difficult to learn?,True,1,7,1,Easy to learn~Difficult to learn,Appropriation simple~Appropriation compliquée,Easy to learn~Difficult to learn,integer,custom-polar,,,,,
98,jold-UEQ,User Experience,1,ueq-4,4,Creative or dull?,Moderne ou Sans fantaisie ?,Creative or dull?,True,1,7,1,Creative~Dull,Moderne~Sans fantaisie,Creative~Dull,integer,custom-polar,,,,,
97,jold-UEQ,User Experience,1,ueq-3,3,Not understandable or understandable?,Incompréhensible ou Compréhensible ?,Not understandable or understandable?,True,1,7,1,Not understandable~Understandable,Incompréhensible~Compréhensible,Not understandable~Understandable,integer,custom-polar,,,,,
96,jold-UEQ,User Experience,1,ueq-2,2,Annoying or enjoyable?,Agacant ou Agréable ?,Annoying or enjoyable?,True,1,7,1,Annoying~Enjoyable,Agacant~Agréable,Annoying~Enjoyable,integer,custom-polar,,,,,
95,jold-UEQ,User Experience,1,ueq-1,1,Evaluate your overall experience of using our online experimentation platform: Flowers Online Lab,Évaluez votre expérience globale de votre utilisation de notre plateforme d'expérimentation en ligne : Flowers Online Lab,Evaluate your overall experience of using our online experimentation platform: Flowers Online Lab,True,1,7,1,Annoying~Enjoyable,Agacant~Agréable,Annoying~Enjoyable,integer,custom-header,,,,,
76,jold-PROFILE,Attention training,1,jold-prof-8,8,Have you ever practiced attention training? ,Avez-vous déjà suivi un entraînement de l'attention ? ,Have you ever practiced attention training? ,False,,,,-~No~Yes,-~Non~Oui,-~No~Yes,boolean,custom-select,,,,,
75,jold-PROFILE,Driving habits,1,jold-prof-7,7,Frequency of driving,Fréquence de conduite,Frequency of driving,False,1,100,1,-~Never~Occasionally~Several times a week~Almost every day~Everyday,-~Jamais~Rarement~De temps en temps~Souvent~Très souvent,-~Never~Occasionally~Several times a week~Almost every day~Everyday,integer,custom-select,,,,,
74,jold-PROFILE,Driving habits,1,jold-prof-6,6,Your level of driving experience,Votre niveau d'expérience de la conduite,Your level of driving experience,False,1,4,1,-~I don't drive~Less than 1 year~1 to 2 years~More than 2 years,-~Je ne conduis pas~Moins d'un an~1 à 2 ans~Plus de 2 ans,-~I don't drive~Less than 1 year~1 to 2 years~More than 2 years,integer,custom-select,,,,,
73,jold-PROFILE,Video game habits,1,jold-prof-5,5,Frequency of playing video games,Fréquence de la pratique des jeux vidéos,Frequency of playing video games,False,1,4,1,-~Never~Occasionally~Once a week~More than once a week,-~Jamais~Rarement~De temps en temps~Souvent~Très souvent,-~Never~Occasionally~Once a week~More than once a week,integer,custom-select,,,,,
72,jold-PROFILE,Video game habits,1,jold-prof-4,4,Level of experience with video games,Niveau d'expérience en matière de jeux vidéo,Level of experience with video games,False,,,,-~I don't play video games~I have only started playing video games recently~I have been playing video games for years,-~Je ne joue pas aux jeux vidéo~Je commence seulement à jouer aux jeux vidéo~Je joue aux jeux vidéo depuis des années,-~I don't play video games~I have only started playing video games recently~I have been playing video games for years,integer,custom-select,,,,,
71,jold-PROFILE,Demographic,1,jold-prof-3,3,Your gender,Votre genre,Your gender,False,1,4,1,-~Female~Male~Other~Omit,-~Femme~Homme~Autre~Ommetre,-~Female~Male~Other~Omit,categories,custom-select,,,,,
70,jold-PROFILE,Demographic,1,jold-prof-2,2,Your age (in full years),Votre âge (en années complètes),Your age (in full years),False,,,,,,,categories,custom-int,,,,,
69,jold-PROFILE,NA,1,jold-prof-1,1,"Finally, we would like to ask you for some additional information about yourself","Enfin, nous aimerions vous demander quelques informations supplémentaires sur vous-même","Finally, we would like to ask you for some additional information about yourself",False,,,,,,,categories,custom-header,,,,,
62,jold-MSLQ,Learning Strategies Header,10,jold-mslq-g10-dirs,1,"The following questions ask about your <b>learning strategies and study skills</b> for this class. Again, <i>there are no right or wrong answers</i>. Answer the questions about how you practice and learn in Lunar Lander as accurately as possible. If you think the statement is very true of you, place the slider at the rightmost position (Very true for me); if a statement is not at all true of you, place the slider at the leftmost position (Not at all true for me). If the statement is more or less true of you, place the slider somwhere in-between to best indicate how you feel.","Les questions suivantes portent sur votre <b>motivation et vos attitudes à l'égard</b> de la pratique du jeu Lunar Lander. Rappelez-vous <i>Il n'y a pas de bonnes ou de mauvaises réponses</i>, répondez simplement de la manière la plus précise possible. Utilisez l'échelle ci-dessous pour répondre aux questions. Si vous pensez que l'affirmation est très vraie pour vous, placez le curseur sur la position la plus à droite (Très vrai pour moi) ; si une affirmation n'est pas du tout vraie pour vous, placez le curseur sur la position la plus à gauche (Pas du tout vrai pour moi). Si l'affirmation est plus ou moins vraie pour vous, placez le curseur entre les deux pour indiquer au mieux ce que vous ressentez.","The following questions ask about your <b>learning strategies and study skills</b> for this class. Again, <i>there are no right or wrong answers</i>. Answer the questions about how you practice and learn in Lunar Lander as accurately as possible. If you think the statement is very true of you, place the slider at the rightmost position (Very true for me); if a statement is not at all true of you, place the slider at the leftmost position (Not at all true for me). If the statement is more or less true of you, place the slider somwhere in-between to best indicate how you feel.",False,,,,,,,,custom-header,,,,,
61,jold-MSLQ,Learning Strategies Header,9,jold-mslq-g9-dirs,1,"The following questions ask about your <b>learning strategies and study skills</b> for this class. Again, <i>there are no right or wrong answers</i>. Answer the questions about how you practice and learn in Lunar Lander as accurately as possible. If you think the statement is very true of you, place the slider at the rightmost position (Very true for me); if a statement is not at all true of you, place the slider at the leftmost position (Not at all true for me). If the statement is more or less true of you, place the slider somwhere in-between to best indicate how you feel.","Les questions suivantes portent sur votre <b>motivation et vos attitudes à l'égard</b> de la pratique du jeu Lunar Lander. Rappelez-vous <i>Il n'y a pas de bonnes ou de mauvaises réponses</i>, répondez simplement de la manière la plus précise possible. Utilisez l'échelle ci-dessous pour répondre aux questions. Si vous pensez que l'affirmation est très vraie pour vous, placez le curseur sur la position la plus à droite (Très vrai pour moi) ; si une affirmation n'est pas du tout vraie pour vous, placez le curseur sur la position la plus à gauche (Pas du tout vrai pour moi). Si l'affirmation est plus ou moins vraie pour vous, placez le curseur entre les deux pour indiquer au mieux ce que vous ressentez.","The following questions ask about your <b>learning strategies and study skills</b> for this class. Again, <i>there are no right or wrong answers</i>. Answer the questions about how you practice and learn in Lunar Lander as accurately as possible. If you think the statement is very true of you, place the slider at the rightmost position (Very true for me); if a statement is not at all true of you, place the slider at the leftmost position (Not at all true for me). If the statement is more or less true of you, place the slider somwhere in-between to best indicate how you feel.",False,,,,,,,,custom-header,,,,,
60,jold-MSLQ,Learning Strategies Header,8,jold-mslq-g8-dirs,1,"The following questions ask about your <b>learning strategies and study skills</b> for this class. Again, <i>there are no right or wrong answers</i>. Answer the questions about how you practice and learn in Lunar Lander as accurately as possible. If you think the statement is very true of you, place the slider at the rightmost position (Very true for me); if a statement is not at all true of you, place the slider at the leftmost position (Not at all true for me). If the statement is more or less true of you, place the slider somwhere in-between to best indicate how you feel.","Les questions suivantes portent sur votre <b>motivation et vos attitudes à l'égard</b> de la pratique du jeu Lunar Lander. Rappelez-vous <i>Il n'y a pas de bonnes ou de mauvaises réponses</i>, répondez simplement de la manière la plus précise possible. Utilisez l'échelle ci-dessous pour répondre aux questions. Si vous pensez que l'affirmation est très vraie pour vous, placez le curseur sur la position la plus à droite (Très vrai pour moi) ; si une affirmation n'est pas du tout vraie pour vous, placez le curseur sur la position la plus à gauche (Pas du tout vrai pour moi). Si l'affirmation est plus ou moins vraie pour vous, placez le curseur entre les deux pour indiquer au mieux ce que vous ressentez.","The following questions ask about your <b>learning strategies and study skills</b> for this class. Again, <i>there are no right or wrong answers</i>. Answer the questions about how you practice and learn in Lunar Lander as accurately as possible. If you think the statement is very true of you, place the slider at the rightmost position (Very true for me); if a statement is not at all true of you, place the slider at the leftmost position (Not at all true for me). If the statement is more or less true of you, place the slider somwhere in-between to best indicate how you feel.",False,,,,,,,,custom-header,,,,,
59,jold-MSLQ,Learning Strategies Header,7,jold-mslq-g7-dirs,1,"The following questions ask about your <b>learning strategies and study skills</b> for this class. Again, <i>there are no right or wrong answers</i>. Answer the questions about how you practice and learn in Lunar Lander as accurately as possible. If you think the statement is very true of you, place the slider at the rightmost position (Very true for me); if a statement is not at all true of you, place the slider at the leftmost position (Not at all true for me). If the statement is more or less true of you, place the slider somwhere in-between to best indicate how you feel.","Les questions suivantes portent sur votre <b>motivation et vos attitudes à l'égard</b> de la pratique du jeu Lunar Lander. Rappelez-vous <i>Il n'y a pas de bonnes ou de mauvaises réponses</i>, répondez simplement de la manière la plus précise possible. Utilisez l'échelle ci-dessous pour répondre aux questions. Si vous pensez que l'affirmation est très vraie pour vous, placez le curseur sur la position la plus à droite (Très vrai pour moi) ; si une affirmation n'est pas du tout vraie pour vous, placez le curseur sur la position la plus à gauche (Pas du tout vrai pour moi). Si l'affirmation est plus ou moins vraie pour vous, placez le curseur entre les deux pour indiquer au mieux ce que vous ressentez.","The following questions ask about your <b>learning strategies and study skills</b> for this class. Again, <i>there are no right or wrong answers</i>. Answer the questions about how you practice and learn in Lunar Lander as accurately as possible. If you think the statement is very true of you, place the slider at the rightmost position (Very true for me); if a statement is not at all true of you, place the slider at the leftmost position (Not at all true for me). If the statement is more or less true of you, place the slider somwhere in-between to best indicate how you feel.",False,,,,,,,,custom-header,,,,,
58,jold-MSLQ,Learning Strategies Header,6,jold-mslq-g6-dirs,1,"The following questions ask about your <b>learning strategies and study skills</b> for this class. Again, <i>there are no right or wrong answers</i>. Answer the questions about how you practice and learn in Lunar Lander as accurately as possible. If you think the statement is very true of you, place the slider at the rightmost position (Very true for me); if a statement is not at all true of you, place the slider at the leftmost position (Not at all true for me). If the statement is more or less true of you, place the slider somwhere in-between to best indicate how you feel.","Les questions suivantes portent sur votre <b>motivation et vos attitudes à l'égard</b> de la pratique du jeu Lunar Lander. Rappelez-vous <i>Il n'y a pas de bonnes ou de mauvaises réponses</i>, répondez simplement de la manière la plus précise possible. Utilisez l'échelle ci-dessous pour répondre aux questions. Si vous pensez que l'affirmation est très vraie pour vous, placez le curseur sur la position la plus à droite (Très vrai pour moi) ; si une affirmation n'est pas du tout vraie pour vous, placez le curseur sur la position la plus à gauche (Pas du tout vrai pour moi). Si l'affirmation est plus ou moins vraie pour vous, placez le curseur entre les deux pour indiquer au mieux ce que vous ressentez.","The following questions ask about your <b>learning strategies and study skills</b> for this class. Again, <i>there are no right or wrong answers</i>. Answer the questions about how you practice and learn in Lunar Lander as accurately as possible. If you think the statement is very true of you, place the slider at the rightmost position (Very true for me); if a statement is not at all true of you, place the slider at the leftmost position (Not at all true for me). If the statement is more or less true of you, place the slider somwhere in-between to best indicate how you feel.",False,,,,,,,,custom-header,,,,,
57,jold-MSLQ,Motivation Header,5,jold-mslq-g5-dirs,1,"The following questions ask about your <b>motivation for and attitudes about</b> practicing the Lunar Lander game. Remember <i>there are no right or wrong answers</i>, just answer as accurately as possible. Use the scale below to answer the questions. If you think the statement is very true of you, place the slider at the rightmost position (Very true for me); if a statement is not at all true of you, place the slider at the leftmost position (Not at all true for me). If the statement is more or less true of you, place the slider somwhere in-between to best indicate how you feel.","Les questions suivantes portent sur votre <b>motivation et vos attitudes à l'égard</b> de la pratique du jeu Lunar Lander. Rappelez-vous <i>Il n'y a pas de bonnes ou de mauvaises réponses</i>, répondez simplement de la manière la plus précise possible. Utilisez l'échelle ci-dessous pour répondre aux questions. Si vous pensez que l'affirmation est très vraie pour vous, placez le curseur sur la position la plus à droite (Très vrai pour moi) ; si une affirmation n'est pas du tout vraie pour vous, placez le curseur sur la position la plus à gauche (Pas du tout vrai pour moi). Si l'affirmation est plus ou moins vraie pour vous, placez le curseur entre les deux pour indiquer au mieux ce que vous ressentez.","The following questions ask about your <b>motivation for and attitudes about</b> practicing the Lunar Lander game. Remember <i>there are no right or wrong answers</i>, just answer as accurately as possible. Use the scale below to answer the questions. If you think the statement is very true of you, place the slider at the rightmost position (Very true for me); if a statement is not at all true of you, place the slider at the leftmost position (Not at all true for me). If the statement is more or less true of you, place the slider somwhere in-between to best indicate how you feel.",False,,,,,,,,custom-header,,,,,
56,jold-MSLQ,Motivation Header,4,jold-mslq-g4-dirs,1,"The following questions ask about your <b>motivation for and attitudes about</b> practicing the Lunar Lander game. Remember <i>there are no right or wrong answers</i>, just answer as accurately as possible. Use the scale below to answer the questions. If you think the statement is very true of you, place the slider at the rightmost position (Very true for me); if a statement is not at all true of you, place the slider at the leftmost position (Not at all true for me). If the statement is more or less true of you, place the slider somwhere in-between to best indicate how you feel.","Les questions suivantes portent sur votre <b>motivation et vos attitudes à l'égard</b> de la pratique du jeu Lunar Lander. Rappelez-vous <i>Il n'y a pas de bonnes ou de mauvaises réponses</i>, répondez simplement de la manière la plus précise possible. Utilisez l'échelle ci-dessous pour répondre aux questions. Si vous pensez que l'affirmation est très vraie pour vous, placez le curseur sur la position la plus à droite (Très vrai pour moi) ; si une affirmation n'est pas du tout vraie pour vous, placez le curseur sur la position la plus à gauche (Pas du tout vrai pour moi). Si l'affirmation est plus ou moins vraie pour vous, placez le curseur entre les deux pour indiquer au mieux ce que vous ressentez.","The following questions ask about your <b>motivation for and attitudes about</b> practicing the Lunar Lander game. Remember <i>there are no right or wrong answers</i>, just answer as accurately as possible. Use the scale below to answer the questions. If you think the statement is very true of you, place the slider at the rightmost position (Very true for me); if a statement is not at all true of you, place the slider at the leftmost position (Not at all true for me). If the statement is more or less true of you, place the slider somwhere in-between to best indicate how you feel.",False,,,,,,,,custom-header,,,,,
55,jold-MSLQ,Motivation Header,3,jold-mslq-g3-dirs,1,"The following questions ask about your <b>motivation for and attitudes about</b> practicing the Lunar Lander game. Remember <i>there are no right or wrong answers</i>, just answer as accurately as possible. Use the scale below to answer the questions. If you think the statement is very true of you, place the slider at the rightmost position (Very true for me); if a statement is not at all true of you, place the slider at the leftmost position (Not at all true for me). If the statement is more or less true of you, place the slider somwhere in-between to best indicate how you feel.","Les questions suivantes portent sur votre <b>motivation et vos attitudes à l'égard</b> de la pratique du jeu Lunar Lander. Rappelez-vous <i>Il n'y a pas de bonnes ou de mauvaises réponses</i>, répondez simplement de la manière la plus précise possible. Utilisez l'échelle ci-dessous pour répondre aux questions. Si vous pensez que l'affirmation est très vraie pour vous, placez le curseur sur la position la plus à droite (Très vrai pour moi) ; si une affirmation n'est pas du tout vraie pour vous, placez le curseur sur la position la plus à gauche (Pas du tout vrai pour moi). Si l'affirmation est plus ou moins vraie pour vous, placez le curseur entre les deux pour indiquer au mieux ce que vous ressentez.","The following questions ask about your <b>motivation for and attitudes about</b> practicing the Lunar Lander game. Remember <i>there are no right or wrong answers</i>, just answer as accurately as possible. Use the scale below to answer the questions. If you think the statement is very true of you, place the slider at the rightmost position (Very true for me); if a statement is not at all true of you, place the slider at the leftmost position (Not at all true for me). If the statement is more or less true of you, place the slider somwhere in-between to best indicate how you feel.",False,,,,,,,,custom-header,,,,,
54,jold-MSLQ,Motivation Header,2,jold-mslq-g2-dirs,1,"The following questions ask about your <b>motivation for and attitudes about</b> practicing the Lunar Lander game. Remember <i>there are no right or wrong answers</i>, just answer as accurately as possible. Use the scale below to answer the questions. If you think the statement is very true of you, place the slider at the rightmost position (Very true for me); if a statement is not at all true of you, place the slider at the leftmost position (Not at all true for me). If the statement is more or less true of you, place the slider somwhere in-between to best indicate how you feel.","Les questions suivantes portent sur votre <b>motivation et vos attitudes à l'égard</b> de la pratique du jeu Lunar Lander. Rappelez-vous <i>Il n'y a pas de bonnes ou de mauvaises réponses</i>, répondez simplement de la manière la plus précise possible. Utilisez l'échelle ci-dessous pour répondre aux questions. Si vous pensez que l'affirmation est très vraie pour vous, placez le curseur sur la position la plus à droite (Très vrai pour moi) ; si une affirmation n'est pas du tout vraie pour vous, placez le curseur sur la position la plus à gauche (Pas du tout vrai pour moi). Si l'affirmation est plus ou moins vraie pour vous, placez le curseur entre les deux pour indiquer au mieux ce que vous ressentez.","The following questions ask about your <b>motivation for and attitudes about</b> practicing the Lunar Lander game. Remember <i>there are no right or wrong answers</i>, just answer as accurately as possible. Use the scale below to answer the questions. If you think the statement is very true of you, place the slider at the rightmost position (Very true for me); if a statement is not at all true of you, place the slider at the leftmost position (Not at all true for me). If the statement is more or less true of you, place the slider somwhere in-between to best indicate how you feel.",False,,,,,,,,custom-header,,,,,
53,jold-MSLQ,Motivation Header,1,jold-mslq-g1-dirs,1,"The following questions ask about your <b>motivation for and attitudes about</b> practicing the Lunar Lander game. Remember <i>there are no right or wrong answers</i>, just answer as accurately as possible. Use the scale below to answer the questions. If you think the statement is very true of you, place the slider at the rightmost position (Very true for me); if a statement is not at all true of you, place the slider at the leftmost position (Not at all true for me). If the statement is more or less true of you, place the slider somwhere in-between to best indicate how you feel.","Les questions suivantes portent sur votre <b>motivation et vos attitudes à l'égard</b> de la pratique du jeu Lunar Lander. Rappelez-vous <i>Il n'y a pas de bonnes ou de mauvaises réponses</i>, répondez simplement de la manière la plus précise possible. Utilisez l'échelle ci-dessous pour répondre aux questions. Si vous pensez que l'affirmation est très vraie pour vous, placez le curseur sur la position la plus à droite (Très vrai pour moi) ; si une affirmation n'est pas du tout vraie pour vous, placez le curseur sur la position la plus à gauche (Pas du tout vrai pour moi). Si l'affirmation est plus ou moins vraie pour vous, placez le curseur entre les deux pour indiquer au mieux ce que vous ressentez.","The following questions ask about your <b>motivation for and attitudes about</b> practicing the Lunar Lander game. Remember <i>there are no right or wrong answers</i>, just answer as accurately as possible. Use the scale below to answer the questions. If you think the statement is very true of you, place the slider at the rightmost position (Very true for me); if a statement is not at all true of you, place the slider at the leftmost position (Not at all true for me). If the statement is more or less true of you, place the slider somwhere in-between to best indicate how you feel.",False,,,,,,,,custom-header,,,,,
52,jold-MSLQ,Resource Management Strategies: Effort Regulation,6,jold-mslq-74,2,"Even when the game is boring and uninteresting, I try to learn it until I master it","Même quand le jeu est ennuyeux et inintéressant, j'essaie de l'apprendre jusqu'à le maîtriser","Even when the game is boring and uninteresting, I try to learn it until I master it",False,1,7,1,Not at all true for me~Very true for me,Pas du tout vrai pour moi~Très vrai pour moi,Not at all true for me~Very true for me,integer,custom-polar,,,,,
51,jold-MSLQ,Resource Management Strategies: Effort Regulation,7,jold-mslq-73,2,"When the round is too difficult, I give up until I get an easier one","Quand le tour est trop difficile, j'abandonne jusqu'à ce que je trouve un tour plus facile.","When the round is too difficult, I give up until I get an easier one",False,1,7,1,Not at all true for me~Very true for me,Pas du tout vrai pour moi~Très vrai pour moi,Not at all true for me~Very true for me,integer,custom-polar,,,,,
50,jold-MSLQ,Resource Management Strategies: Effort Regulation,8,jold-mslq-72,2,I practice hard to do well in this game even if I don't like what I am doing,Je m'entraîne dur pour être bon dans ce jeu même si je n'aime pas ce que je suis en train de faire,I practice hard to do well in this game even if I don't like what I am doing,False,1,7,1,Not at all true for me~Very true for me,Pas du tout vrai pour moi~Très vrai pour moi,Not at all true for me~Very true for me,integer,custom-polar,,,,,
49,jold-MSLQ,Resource Management Strategies: Effort Regulation,9,jold-mslq-71,2,I often feel so lazy or bored when I play this game that I don't bother trying to land the lander well,Je me sens souvent tellement paresseux ou ennuyé quand je joue à ce jeu que je ne me donne pas la peine d'essayer de bien faire atterrir le vaisseau,I often feel so lazy or bored when I play this game that I don't bother trying to land the lander well,True,1,7,1,Not at all true for me~Very true for me,Pas du tout vrai pour moi~Très vrai pour moi,Not at all true for me~Very true for me,integer,custom-polar,,,,,
48,jold-MSLQ,Cognitive and Metacognitive Strategies: Metacognitive Self-Regulation,10,jold-mslq-62,2,"If I fail a round of the game, I try to understand why afterwards","Si j'échoue à un tour du jeu, j'essaie de comprendre pourquoi après coup","If I fail a round of the game, I try to understand why afterwards",False,1,7,1,Not at all true for me~Very true for me,Pas du tout vrai pour moi~Très vrai pour moi,Not at all true for me~Very true for me,integer,custom-polar,,,,,
47,jold-MSLQ,Cognitive and Metacognitive Strategies: Metacognitive Self-Regulation,6,jold-mslq-61,3,"When I play this game, I set goals for myself in order to direct my learning in each round","Lorsque je joue à ce jeu, je me fixe des objectifs afin d'orienter mon apprentissage à chaque tour","When I play this game, I set goals for myself in order to direct my learning in each round",False,1,7,1,Not at all true for me~Very true for me,Pas du tout vrai pour moi~Très vrai pour moi,Not at all true for me~Very true for me,integer,custom-polar,,,,,
46,jold-MSLQ,Cognitive and Metacognitive Strategies: Metacognitive Self-Regulation,7,jold-mslq-60,3,When learning this game I try to determine which aspects I haven't yet mastered,"Lorsque j'apprends ce jeu, j'essaie de déterminer quels sont les aspects que je ne maîtrise pas encore",When learning this game I try to determine which aspects I haven't yet mastered,False,1,7,1,Not at all true for me~Very true for me,Pas du tout vrai pour moi~Très vrai pour moi,Not at all true for me~Very true for me,integer,custom-polar,,,,,
45,jold-MSLQ,Cognitive and Metacognitive Strategies: Metacognitive Self-Regulation,8,jold-mslq-59,3,I try to get a general idea of the good strategy for the game so that I know what I need to practice rather than finding out as I go along,J'essaie d'avoir une idée générale de la bonne stratégie pour le jeu afin de savoir ce que je dois pratiquer plutôt que de le découvrir au fur et à mesure,I try to get a general idea of the good strategy for the game so that I know what I need to practice rather than finding out as I go along,False,1,7,1,Not at all true for me~Very true for me,Pas du tout vrai pour moi~Très vrai pour moi,Not at all true for me~Very true for me,integer,custom-polar,,,,,
44,jold-MSLQ,Cognitive and Metacognitive Strategies: Metacognitive Self-Regulation,9,jold-mslq-58,3,I often find that I have been playing this game but I don’t know how I arrive at specific outcomes,"Je me rends souvent compte que j'ai joué à ce jeu, mais je ne sais pas comment j'arrive à des résultats spécifiques",I often find that I have been playing this game but I don’t know how I arrive at specific outcomes,True,1,7,1,Not at all true for me~Very true for me,Pas du tout vrai pour moi~Très vrai pour moi,Not at all true for me~Very true for me,integer,custom-polar,,,,,
43,jold-MSLQ,Cognitive and Metacognitive Strategies: Metacognitive Self-Regulation,10,jold-mslq-57,3,I try to change my way of learning to adapt to this game and its instructions,J'essaie de changer ma façon d'apprendre pour m'adapter à ce jeu et à ses instructions,I try to change my way of learning to adapt to this game and its instructions,False,1,7,1,Not at all true for me~Very true for me,Pas du tout vrai pour moi~Très vrai pour moi,Not at all true for me~Very true for me,integer,custom-polar,,,,,
42,jold-MSLQ,Cognitive and Metacognitive Strategies: Metacognitive Self-Regulation,6,jold-mslq-56,4,I use some rounds of the game to test myself,J'utilise quelques parties du jeu pour me tester,I use some rounds of the game to test myself,False,1,7,1,Not at all true for me~Very true for me,Pas du tout vrai pour moi~Très vrai pour moi,Not at all true for me~Very true for me,integer,custom-polar,,,,,
41,jold-MSLQ,Cognitive and Metacognitive Strategies: Metacognitive Self-Regulation,7,jold-mslq-55,4,"Before starting this game, I read the instructions","Avant de commencer ce jeu, j'ai lu les instructions","Before starting this game, I read the instructions",False,1,7,1,Not at all true for me~Very true for me,Pas du tout vrai pour moi~Très vrai pour moi,Not at all true for me~Very true for me,integer,custom-polar,,,,,
40,jold-MSLQ,Cognitive and Metacognitive Strategies: Metacognitive Self-Regulation,8,jold-mslq-54,4,"If the game is difficult to figure out, I change the way I play","Si le jeu est difficile à comprendre, je change ma façon de jouer","If the game is difficult to figure out, I change the way I play",False,1,7,1,Not at all true for me~Very true for me,Pas du tout vrai pour moi~Très vrai pour moi,Not at all true for me~Very true for me,integer,custom-polar,,,,,
39,jold-MSLQ,Cognitive and Metacognitive Strategies: Metacognitive Self-Regulation,9,jold-mslq-53,4,"When I become confused about something I'm doing in this game, I try to figure it out","Quand je suis perdu ou bloqué dans le jeu, j'essaie de comprendre pourquoi","When I become confused about something I'm doing in this game, I try to figure it out",False,1,7,1,Not at all true for me~Very true for me,Pas du tout vrai pour moi~Très vrai pour moi,Not at all true for me~Very true for me,integer,custom-polar,,,,,
38,jold-MSLQ,Cognitive and Metacognitive Strategies: Metacognitive Self-Regulation,10,jold-mslq-52,4,"When playing this game, I ask myself questions to help focus my learning","Lorsque je joue à ce jeu, je me pose des questions pour m'aider à cibler mon apprentissage","When playing this game, I ask myself questions to help focus my learning",False,1,7,1,Not at all true for me~Very true for me,Pas du tout vrai pour moi~Très vrai pour moi,Not at all true for me~Very true for me,integer,custom-polar,,,,,
37,jold-MSLQ,Cognitive and Metacognitive Strategies: Metacognitive Self-Regulation,6,jold-mslq-51,5,During my learning time I often miss important points because I'm thinking of other things,"Durant mon apprentissage, je rate souvent des actions importantes parce que je pense à d'autres choses",During my learning time I often miss important points because I'm thinking of other things,True,1,7,1,Not at all true for me~Very true for me,Pas du tout vrai pour moi~Très vrai pour moi,Not at all true for me~Very true for me,integer,custom-polar,,,,,
36,jold-MSLQ,Self-Efficacy for Learning and Performance,1,jold-mslq-25,2,I'm certain I can master skills this game teaches,Je suis certain que je peux maîtriser les compétences que ce jeu enseigne,I'm certain I can master skills this game teaches,False,1,7,1,Not at all true for me~Very true for me,Pas du tout vrai pour moi~Très vrai pour moi,Not at all true for me~Very true for me,integer,custom-polar,,,,,
35,jold-MSLQ,Self-Efficacy for Learning and Performance,2,jold-mslq-24,2,I expect to do well in this game,Je m'attends à bien faire dans ce jeu,I expect to do well in this game,False,1,7,1,Not at all true for me~Very true for me,Pas du tout vrai pour moi~Très vrai pour moi,Not at all true for me~Very true for me,integer,custom-polar,,,,,
34,jold-MSLQ,Self-Efficacy for Learning and Performance,3,jold-mslq-23,2,I'm confident I can do an excellent job in this game,Je suis sûr que je peux faire un excellent travail dans ce jeu,I'm confident I can do an excellent job in this game,False,1,7,1,Not at all true for me~Very true for me,Pas du tout vrai pour moi~Très vrai pour moi,Not at all true for me~Very true for me,integer,custom-polar,,,,,
33,jold-MSLQ,Self-Efficacy for Learning and Performance,4,jold-mslq-22,2,I'm confident I can master the most complex version of this game,Je suis sûr que je peux maîtriser la version la plus complexe de ce jeu,I'm confident I can master the most complex version of this game,False,1,7,1,Not at all true for me~Very true for me,Pas du tout vrai pour moi~Très vrai pour moi,Not at all true for me~Very true for me,integer,custom-polar,,,,,
32,jold-MSLQ,Self-Efficacy for Learning and Performance,5,jold-mslq-21,2,I'm confident I can learn the basic skills this game requires,Je suis sûr que je peux apprendre les compétences de base que ce jeu requiert,I'm confident I can learn the basic skills this game requires,False,1,7,1,Not at all true for me~Very true for me,Pas du tout vrai pour moi~Très vrai pour moi,Not at all true for me~Very true for me,integer,custom-polar,,,,,
31,jold-MSLQ,Self-Efficacy for Learning and Performance,1,jold-mslq-20,3,I'm certain I can play the most difficult mode in the game,Je suis certain d'être capable de jouer à un niveau plus compliqué de ce jeu,I'm certain I can play the most difficult mode in the game,False,1,7,1,Not at all true for me~Very true for me,Pas du tout vrai pour moi~Très vrai pour moi,Not at all true for me~Very true for me,integer,custom-polar,,,,,
30,jold-MSLQ,Self-Efficacy for Learning and Performance,2,jold-mslq-19,3,I believe I will achieve good results in this game,Je crois que je vais obtenir de bons résultats dans ce jeu,I believe I will achieve good results in this game,False,1,7,1,Not at all true for me~Very true for me,Pas du tout vrai pour moi~Très vrai pour moi,Not at all true for me~Very true for me,integer,custom-polar,,,,,
29,jold-MSLQ,Control of Learning Beliefs,3,jold-mslq-18,3,"If I don't understand how to succeed in this game, it is because I didn't try hard enough","Si je ne comprends pas comment réussir dans ce jeu, c'est parce que je n'ai pas essayé suffisamment","If I don't understand how to succeed in this game, it is because I didn't try hard enough",False,1,7,1,Not at all true for me~Very true for me,Pas du tout vrai pour moi~Très vrai pour moi,Not at all true for me~Very true for me,integer,custom-polar,,,,,
28,jold-MSLQ,Control of Learning Beliefs,4,jold-mslq-17,3,"If I try hard enough, then I will understand how to succeed in the game","Si je fais suffisamment d'efforts, je comprendrai comment réussir dans le jeu","If I try hard enough, then I will understand how to succeed in the game",False,1,7,1,Not at all true for me~Very true for me,Pas du tout vrai pour moi~Très vrai pour moi,Not at all true for me~Very true for me,integer,custom-polar,,,,,
27,jold-MSLQ,Control of Learning Beliefs,5,jold-mslq-16,3,It is my own fault if I don't learn how to succeed in the game,C'est ma faute si je n'apprends pas comment réussir dans le jeu,It is my own fault if I don't learn how to succeed in the game,False,1,7,1,Not at all true for me~Very true for me,Pas du tout vrai pour moi~Très vrai pour moi,Not at all true for me~Very true for me,integer,custom-polar,,,,,
26,jold-MSLQ,Control of Learning Beliefs,1,jold-mslq-15,4,"If I learn in appropriate ways, then I will be able to succeed in the game","Si j'apprends de manière appropriée, alors je serai capable de réussir dans le jeu","If I learn in appropriate ways, then I will be able to succeed in the game",False,1,7,1,Not at all true for me~Very true for me,Pas du tout vrai pour moi~Très vrai pour moi,Not at all true for me~Very true for me,integer,custom-polar,,,,,
25,jold-MSLQ,Task Value,2,jold-mslq-14,4,Understanding the purpose of this learning activity is important to me,Il est important pour moi de comprendre l'objectif de cette activité d'apprentissage,Understanding the purpose of this learning activity is important to me,False,1,7,1,Not at all true for me~Very true for me,Pas du tout vrai pour moi~Très vrai pour moi,Not at all true for me~Very true for me,integer,custom-polar,,,,,
24,jold-MSLQ,Task Value,3,jold-mslq-13,4,I like this kind of game,J'aime ce genre de jeu,I like this kind of game,False,1,7,1,Not at all true for me~Very true for me,Pas du tout vrai pour moi~Très vrai pour moi,Not at all true for me~Very true for me,integer,custom-polar,,,,,
23,jold-MSLQ,Task Value,4,jold-mslq-12,4,I think learning to play this game is useful for me,Je pense qu'apprendre à jouer à ce jeu est utile pour moi,I think learning to play this game is useful for me,False,1,7,1,Not at all true for me~Very true for me,Pas du tout vrai pour moi~Très vrai pour moi,Not at all true for me~Very true for me,integer,custom-polar,,,,,
22,jold-MSLQ,Task Value,5,jold-mslq-11,4,I am very interested in this kind of game,Je suis très intéressé par ce genre de jeu,I am very interested in this kind of game,False,1,7,1,Not at all true for me~Very true for me,Pas du tout vrai pour moi~Très vrai pour moi,Not at all true for me~Very true for me,integer,custom-polar,,,,,
21,jold-MSLQ,Task Value,1,jold-mslq-10,5,It's important for me to learn to play this game,C'est important pour moi d'apprendre à jouer à ce jeu,It's important for me to learn to play this game,False,1,7,1,Not at all true for me~Very true for me,Pas du tout vrai pour moi~Très vrai pour moi,Not at all true for me~Very true for me,integer,custom-polar,,,,,
20,jold-MSLQ,Task Value,2,jold-mslq-9,5,I think I will be able to use what I learn in this game in other situations,Je pense que je serai en mesure d'utiliser ce que j'apprends dans d'autres situations,I think I will be able to use what I learn in this game in other situations,False,1,7,1,Not at all true for me~Very true for me,Pas du tout vrai pour moi~Très vrai pour moi,Not at all true for me~Very true for me,integer,custom-polar,,,,,
19,jold-MSLQ,Extrinsic Goal Orientation,3,jold-mslq-8,5,I want to do well in this game because it is important to show my ability to others,Je veux bien faire dans ce jeu parce qu'il est important de montrer mes aptitudes aux autres,I want to do well in this game because it is important to show my ability to others,False,1,7,1,Not at all true for me~Very true for me,Pas du tout vrai pour moi~Très vrai pour moi,Not at all true for me~Very true for me,integer,custom-polar,,,,,
18,jold-MSLQ,Extrinsic Goal Orientation,4,jold-mslq-7,5,"If I can, I want to get better scores in this game than most of the participants.","Si je le peux, je veux avoir de meilleurs résultats que les autres personnes sur ce jeu","If I can, I want to get better scores in this game than most of the participants.",False,1,7,1,Not at all true for me~Very true for me,Pas du tout vrai pour moi~Très vrai pour moi,Not at all true for me~Very true for me,integer,custom-polar,,,,,
17,jold-MSLQ,Extrinsic Goal Orientation,5,jold-mslq-6,5,"The most important thing for me is improving my overall score point average, so my main concern in this game is getting a good score","La chose la plus importante pour moi est d'améliorer ma moyenne générale de points, donc ma principale préoccupation dans ce jeu est d'obtenir un bon score","The most important thing for me is improving my overall score point average, so my main concern in this game is getting a good score",False,1,7,1,Not at all true for me~Very true for me,Pas du tout vrai pour moi~Très vrai pour moi,Not at all true for me~Very true for me,integer,custom-polar,,,,,
16,jold-MSLQ,Extrinsic Goal Orientation,1,jold-mslq-5,6,Getting a good score in this game is the most satisfying thing for me,Obtenir un bon score dans ce jeu est la chose la plus satisfaisante pour moi,Getting a good score in this game is the most satisfying thing for me,False,1,7,1,Not at all true for me~Very true for me,Pas du tout vrai pour moi~Très vrai pour moi,Not at all true for me~Very true for me,integer,custom-polar,,,,,
15,JOLD,Prospective,1,jold-8,4,Rate how much you expect to improve over the next session,A quel point pensez-vous progresser lors de la prochaine session ?,Rate how much you expect to improve over the next session,False,1,11,1,Very little~Very much,Très peu~Énormément,Very little~Very much,integer,custom-polar,Place the slider in the middle if you <b>do not</b> expect you performance level to change,Placez le curseur au milieu si vous <b>ne pensez pas</b> que votre niveau de performance va changer,Place the slider in the middle if you <b>do not</b> expect you performance level to change,,
14,JOLD,Relative,2,jold-7,2,Improvement over session 3,Amélioration par rapport à la session 3,Improvement over session 3,False,1,11,1,Less improvement~More improvement,Moins de pogrès~Plus de pogrès,Less improvement~More improvement,integer,custom-polar,,,,,
13,JOLD,Relative,2,jold-6,2,Improvement over session 2,Amélioration par rapport à la session 2,Improvement over session 2,False,1,11,1,Less improvement~More improvement,Moins de pogrès~Plus de pogrès,Less improvement~More improvement,integer,custom-polar,,,,,
12,JOLD,Relative,2,jold-5,1,Improvement over session 1,Amélioration par rapport à la session 1,Improvement over session 1,False,1,11,1,Less improvement~More improvement,Moins de pogrès~Plus de pogrès,Less improvement~More improvement,integer,custom-polar,,,,,
11,JOLD,Relative,2,jold-4,1,"Use the sliders below to rate your <b>relative improvement on each session</b>. How much do you think you have improved in each session, compared to other sessions?","Utilisez les curseurs ci-dessous pour évaluer votre <b>amélioration relative sur chaque session</b>. Dans quelle mesure pensez-vous vous être amélioré à chaque session, par rapport aux autres sessions ?","Use the sliders below to rate your <b>relative improvement on each session</b>. How much do you think you have improved in each session, compared to other sessions?",False,,,,,,,integer,custom-header,,,,,
10,JOLD,Recent,1,jold-1,1,Rate how much you current level of performance has changed <i>compared to the beginning of today's session</i>,Évaluez dans quelle mesure votre niveau de performance actuel a changé <i>par rapport au début de la session d'aujourd'hui</i>,Rate how much you current level of performance has changed <i>compared to the beginning of today's session</i>,False,1,11,1,Much worse~Much better,Bien pire~Bien mieux,Much worse~Much better,integer,custom-polar,Place the slider in the middle if you think your performance <b>has not changed</b>,Placez le curseur au milieu si vous pensez que votre performance <b>n'a pas changé</b>,Place the slider in the middle if you think your performance <b>has not changed</b>,,
9,JOLD,Short-term,1,jold-2,2,Rate how much you current level of performance has changed <i>compared to the previous session</i>,Évaluez dans quelle mesure votre niveau de performance actuel a changé <i>par rapport à la session précédente</i>,Rate how much you current level of performance has changed <i>compared to the previous session</i>,False,1,11,1,Much worse~Much better,Bien pire~Bien mieux,Much worse~Much better,integer,custom-polar,Place the slider in the middle if you think your performance <b>has not changed</b>,Placez le curseur au milieu si vous pensez que votre performance <b>n'a pas changé</b>,Place the slider in the middle if you think your performance <b>has not changed</b>,,
8,JOLD,Long-term,1,jold-3,3,Rate how much you current level of performance has changed <i>compared to the very first session of the experiment</i>,Évaluez dans quelle mesure votre niveau de performance actuel a changé <i>par rapport à la toute première session de l'expérience</i>,Rate how much you current level of performance has changed <i>compared to the very first session of the experiment</i>,False,1,11,1,Much worse~Much better,Bien pire~Bien mieux,Much worse~Much better,integer,custom-polar,Place the slider in the middle if you think your performance <b>has not changed</b>,Placez le curseur au milieu si vous pensez que votre performance <b>n'a pas changé</b>,Place the slider in the middle if you think your performance <b>has not changed</b>,,
7,JOLD,Free-choise,0,jold-0,1,Would you like to practice the task in your free time?,Souhaiteriez-vous pratiquer cette tâche pendant votre temps libre ?,Would you like to practice the task in your free time?,False,0,1,1,No~Yes,Non~Oui,No~Yes,integer,custom-likert,,,,,
6,NASA-TLX,Frustration,1,tlx-6,6,"How insecure, discouraged, irritated, stressed, and annoyed versus secure, gratified, content, relaxed, and complacent did you feel during the task?",Pendant l’exécution de la tâche; vous êtes-vous senti satisfait et détendu (niveau de frustration faible) ou plutôt découragé et stressé (niveau de frustration élevé) ?,"How insecure, discouraged, irritated, stressed, and annoyed versus secure, gratified, content, relaxed, and complacent did you feel during the task?",False,1,20,1,Very Low~Very High,Trés faible~Trés élevé,Very Low~Very High,integer,custom-polar,,,,,
5,NASA-TLX,Effort,1,tlx-5,5,How hard did you have to work (mentally and physically) to accomplish your level of performance?,Est-ce que cette tâche vous a demandé beaucoup d'effort (mentalement et physiquement) ?,How hard did you have to work (mentally and physically) to accomplish your level of performance?,False,1,20,1,Very Low~Very High,Trés faible~Trés élevé,Very Low~Very High,integer,custom-polar,,,,,
4,NASA-TLX,Performance,1,tlx-4,4,How successful do you think you were in accomplishing the goals of the task set by the experimenter (or yourself)? How satisfied were you with your preformance in accomplishing these goals?,A quel point pensez-vous avoir atteint les objectifs déterminés par la tâche ?,How successful do you think you were in accomplishing the goals of the task set by the experimenter (or yourself)? How satisfied were you with your preformance in accomplishing these goals?,False,1,20,1,Perfect~Failure,Trés faible~Trés élevé,Perfect~Failure,integer,custom-polar,,,,,
3,NASA-TLX,Temporal demand,1,tlx-3,3,How much time pressure did you feel due to the rate or pace at which the task or task elements occurred? Was the pace slow and leisurely or rapid and frantic?,Le temps donné pour réaliser la tâche était-il une source de pression pour vous ? Etait-ce un rythme lent et tranquille (faible) ou rapide et précipité (élevé) ?,How much time pressure did you feel due to the rate or pace at which the task or task elements occurred? Was the pace slow and leisurely or rapid and frantic?,False,1,20,1,Very Low~Very High,Trés faible~Trés élevé,Very Low~Very High,integer,custom-polar,,,,,
2,NASA-TLX,Physical demand,1,tlx-2,2,"How much physical activity was required (e.g., pushing, pulling, turning, controlling, activating, etc.)? Was the task easy or demanding, slow or brisk, slack or strenuous, restful or laborious?","Cette tâche vous a t-elle demandé beaucoup d'effort physique (ex. pousser, porter, tourner, marcher, activer, etc.) ? La tâche vous a-t-elle paru facile et peu fatigante (faible) ou pénible et fatigante (élevée) ?","How much physical activity was required (e.g., pushing, pulling, turning, controlling, activating, etc.)? Was the task easy or demanding, slow or brisk, slack or strenuous, restful or laborious?",False,1,20,1,Very Low~Very High,Trés faible~Trés élevée,Very Low~Very High,integer,custom-polar,,,,,
1,NASA-TLX,Mental Demand,1,tlx-1,1,"How much mental and perceptual activity was required (e.g., thinking, deciding, calculating, remembering, looking, searching, etc.)? Was the task easy or demanding, simple or complex, exacting or forgiving?","Cette tâche vous a t-elle demandé beaucoup de réflexion (ex. réflexion, calcul, mémorisation, décision, recherche, ...) ? La tâche vous a-t-elle paru simple, nécessitant peu d’attention (faible) ou complexe, nécessitant beaucoup d’attention (élevée) ?","How much mental and perceptual activity was required (e.g., thinking, deciding, calculating, remembering, looking, searching, etc.)? Was the task easy or demanding, simple or complex, exacting or forgiving?",False,1,20,1,Very Low~Very High,Trés faible~Trés élevée,Very Low~Very High,integer,custom-polar,,,,,
