participant,session,value,inst,qid
catlyn,2,5,mslq,53
catlyn,2,1,mslq,58
catlyn,2,1,mslq,71
catlyn,2,5,mslq,54
catlyn,2,5,mslq,59
catlyn,2,2,mslq,72
catlyn,2,7,mslq,55
catlyn,2,5,mslq,60
catlyn,2,1,mslq,73
catlyn,2,1,mslq,51
catlyn,2,1,mslq,56
catlyn,2,1,mslq,61
catlyn,2,4,mslq,74
catlyn,2,2,mslq,6
catlyn,2,1,mslq,11
catlyn,2,5,mslq,16
catlyn,2,6,mslq,21
catlyn,2,2,mslq,7
catlyn,2,1,mslq,12
catlyn,2,3,mslq,17
catlyn,2,1,mslq,22
catlyn,2,2,mslq,8
catlyn,2,2,mslq,13
catlyn,2,5,mslq,18
catlyn,2,2,mslq,23
catlyn,2,2,mslq,9
catlyn,2,5,mslq,14
catlyn,2,2,mslq,19
catlyn,2,2,mslq,24
catlyn,2,1,mslq,52
catlyn,2,4,mslq,57
catlyn,2,2,mslq,62
catlyn,2,2,mslq,5
catlyn,2,1,mslq,10
catlyn,2,5,mslq,15
catlyn,2,2,mslq,20
catlyn,2,3,mslq,25
catlyn,2,2,sims,18
catlyn,2,3,sims,17
catlyn,2,0,sims,16
catlyn,2,1,sims,15
catlyn,2,3,sims,14
catlyn,2,4,sims,13
catlyn,2,0,sims,12
catlyn,2,1,sims,11
catlyn,2,4,sims,9
catlyn,2,4,sims,8
catlyn,2,0,sims,7
catlyn,2,0,sims,6
catlyn,2,5,sims,5
catlyn,2,4,sims,4
catlyn,2,0,sims,3
catlyn,2,1,sims,2
catlyn,2,1,tlx,6
catlyn,2,4,tlx,5
catlyn,2,15,tlx,4
catlyn,2,8,tlx,3
catlyn,2,1,tlx,2
catlyn,2,4,tlx,1
catlyn,2,1,jold,8
catlyn,2,7,jold,2
catlyn,2,5,jold,1
catlyn,1,2,mslq,6
catlyn,1,1,mslq,11
catlyn,1,7,mslq,16
catlyn,1,3,mslq,21
catlyn,1,5,mslq,7
catlyn,1,2,mslq,12
catlyn,1,3,mslq,17
catlyn,1,1,mslq,22
catlyn,1,3,mslq,8
catlyn,1,1,mslq,13
catlyn,1,6,mslq,18
catlyn,1,1,mslq,23
catlyn,1,5,mslq,9
catlyn,1,6,mslq,14
catlyn,1,1,mslq,19
catlyn,1,1,mslq,24
catlyn,1,3,mslq,5
catlyn,1,2,mslq,10
catlyn,1,4,mslq,15
catlyn,1,1,mslq,20
catlyn,1,2,mslq,25
catlyn,1,2,sims,18
catlyn,1,3,sims,17
catlyn,1,0,sims,16
catlyn,1,0,sims,15
catlyn,1,3,sims,14
catlyn,1,5,sims,13
catlyn,1,0,sims,12
catlyn,1,1,sims,11
catlyn,1,5,sims,9
catlyn,1,4,sims,8
catlyn,1,0,sims,7
catlyn,1,0,sims,6
catlyn,1,3,sims,5
catlyn,1,6,sims,4
catlyn,1,0,sims,3
catlyn,1,1,sims,2
catlyn,1,20,tlx,6
catlyn,1,12,tlx,5
catlyn,1,20,tlx,4
catlyn,1,5,tlx,3
catlyn,1,1,tlx,2
catlyn,1,5,tlx,1
catlyn,1,2,jold,8
catlyn,1,6,jold,1
Xolothl,2,5,mslq,53
Xolothl,2,2,mslq,58
Xolothl,2,2,mslq,71
Xolothl,2,3,mslq,54
Xolothl,2,6,mslq,59
Xolothl,2,3,mslq,72
Xolothl,2,7,mslq,55
Xolothl,2,5,mslq,60
Xolothl,2,1,mslq,73
Xolothl,2,1,mslq,51
Xolothl,2,4,mslq,56
Xolothl,2,5,mslq,61
Xolothl,2,6,mslq,74
Xolothl,2,7,mslq,6
Xolothl,2,5,mslq,11
Xolothl,2,5,mslq,16
Xolothl,2,7,mslq,21
Xolothl,2,5,mslq,7
Xolothl,2,5,mslq,12
Xolothl,2,7,mslq,17
Xolothl,2,7,mslq,22
Xolothl,2,3,mslq,8
Xolothl,2,5,mslq,13
Xolothl,2,5,mslq,18
Xolothl,2,7,mslq,23
Xolothl,2,4,mslq,9
Xolothl,2,2,mslq,14
Xolothl,2,7,mslq,19
Xolothl,2,7,mslq,24
Xolothl,2,2,mslq,52
Xolothl,2,3,mslq,57
Xolothl,2,5,mslq,62
Xolothl,2,5,mslq,5
Xolothl,2,5,mslq,10
Xolothl,2,7,mslq,15
Xolothl,2,3,mslq,20
Xolothl,2,7,mslq,25
Xolothl,2,1,sims,18
Xolothl,2,0,sims,17
Xolothl,2,1,sims,16
Xolothl,2,2,sims,15
Xolothl,2,1,sims,14
Xolothl,2,0,sims,13
Xolothl,2,3,sims,12
Xolothl,2,4,sims,11
Xolothl,2,1,sims,9
Xolothl,2,0,sims,8
Xolothl,2,1,sims,7
Xolothl,2,2,sims,6
Xolothl,2,1,sims,5
Xolothl,2,1,sims,4
Xolothl,2,1,sims,3
Xolothl,2,1,sims,2
Xolothl,2,12,tlx,6
Xolothl,2,14,tlx,5
Xolothl,2,16,tlx,4
Xolothl,2,12,tlx,3
Xolothl,2,13,tlx,2
Xolothl,2,14,tlx,1
Xolothl,2,9,jold,8
Xolothl,2,6,jold,2
Xolothl,2,7,jold,1
Blup,2,1,mslq,53
Blup,2,3,mslq,58
Blup,2,1,mslq,71
Blup,2,5,mslq,54
Blup,2,2,mslq,59
Blup,2,3,mslq,72
Blup,2,7,mslq,55
Blup,2,5,mslq,60
Blup,2,1,mslq,73
Blup,2,5,mslq,51
Blup,2,2,mslq,56
Blup,2,1,mslq,61
Blup,2,6,mslq,74
Blup,2,5,mslq,6
Blup,2,5,mslq,11
Blup,2,1,mslq,16
Blup,2,7,mslq,21
Blup,2,2,mslq,7
Blup,2,5,mslq,12
Blup,2,7,mslq,17
Blup,2,7,mslq,22
Blup,2,3,mslq,8
Blup,2,5,mslq,13
Blup,2,7,mslq,18
Blup,2,7,mslq,23
Blup,2,5,mslq,9
Blup,2,7,mslq,14
Blup,2,6,mslq,19
Blup,2,5,mslq,24
Blup,2,6,mslq,52
Blup,2,5,mslq,57
Blup,2,2,mslq,62
Blup,2,5,mslq,5
Blup,2,5,mslq,10
Blup,2,7,mslq,15
Blup,2,5,mslq,20
Blup,2,7,mslq,25
Blup,2,4,sims,18
Blup,2,0,sims,17
Blup,2,4,sims,16
Blup,2,5,sims,15
Blup,2,2,sims,14
Blup,2,0,sims,13
Blup,2,5,sims,12
Blup,2,4,sims,11
Blup,2,2,sims,9
Blup,2,0,sims,8
Blup,2,3,sims,7
Blup,2,4,sims,6
Blup,2,3,sims,5
Blup,2,0,sims,4
Blup,2,4,sims,3
Blup,2,5,sims,2
Blup,2,6,tlx,6
Blup,2,14,tlx,5
Blup,2,15,tlx,4
Blup,2,14,tlx,3
Blup,2,1,tlx,2
Blup,2,15,tlx,1
Blup,2,8,jold,8
Blup,2,9,jold,2
Blup,2,4,jold,1
Blup,1,2,mslq,6
Blup,1,3,mslq,11
Blup,1,2,mslq,16
Blup,1,7,mslq,21
Blup,1,1,mslq,7
Blup,1,3,mslq,12
Blup,1,7,mslq,17
Blup,1,5,mslq,22
Blup,1,3,mslq,8
Blup,1,5,mslq,13
Blup,1,7,mslq,18
Blup,1,7,mslq,23
Blup,1,5,mslq,9
Blup,1,7,mslq,14
Blup,1,5,mslq,19
Blup,1,6,mslq,24
Blup,1,3,mslq,5
Blup,1,3,mslq,10
Blup,1,7,mslq,15
Blup,1,5,mslq,20
Blup,1,5,mslq,25
Blup,1,4,sims,18
Blup,1,0,sims,17
Blup,1,2,sims,16
Blup,1,4,sims,15
Blup,1,4,sims,14
Blup,1,0,sims,13
Blup,1,2,sims,12
Blup,1,3,sims,11
Blup,1,6,sims,9
Blup,1,0,sims,8
Blup,1,0,sims,7
Blup,1,4,sims,6
Blup,1,2,sims,5
Blup,1,0,sims,4
Blup,1,2,sims,3
Blup,1,4,sims,2
Blup,1,15,tlx,6
Blup,1,12,tlx,5
Blup,1,13,tlx,4
Blup,1,13,tlx,3
Blup,1,1,tlx,2
Blup,1,6,tlx,1
Blup,1,7,jold,8
Blup,1,9,jold,1
Xolothl,1,7,mslq,6
Xolothl,1,5,mslq,11
Xolothl,1,4,mslq,16
Xolothl,1,5,mslq,21
Xolothl,1,5,mslq,7
Xolothl,1,5,mslq,12
Xolothl,1,4,mslq,17
Xolothl,1,6,mslq,22
Xolothl,1,5,mslq,8
Xolothl,1,5,mslq,13
Xolothl,1,6,mslq,18
Xolothl,1,7,mslq,23
Xolothl,1,4,mslq,9
Xolothl,1,3,mslq,14
Xolothl,1,7,mslq,19
Xolothl,1,6,mslq,24
Xolothl,1,3,mslq,5
Xolothl,1,4,mslq,10
Xolothl,1,7,mslq,15
Xolothl,1,7,mslq,20
Xolothl,1,7,mslq,25
Xolothl,1,0,sims,18
Xolothl,1,0,sims,17
Xolothl,1,4,sims,16
Xolothl,1,1,sims,15
Xolothl,1,0,sims,14
Xolothl,1,0,sims,13
Xolothl,1,4,sims,12
Xolothl,1,4,sims,11
Xolothl,1,1,sims,9
Xolothl,1,0,sims,8
Xolothl,1,4,sims,7
Xolothl,1,0,sims,6
Xolothl,1,0,sims,5
Xolothl,1,0,sims,4
Xolothl,1,1,sims,3
Xolothl,1,2,sims,2
Xolothl,1,17,tlx,6
Xolothl,1,19,tlx,5
Xolothl,1,3,tlx,4
Xolothl,1,17,tlx,3
Xolothl,1,13,tlx,2
Xolothl,1,16,tlx,1
Xolothl,1,6,jold,8
Xolothl,1,7,jold,1
Joris104,1,5,mslq,6
Joris104,1,2,mslq,11
Joris104,1,3,mslq,16
Joris104,1,6,mslq,21
Joris104,1,5,mslq,7
Joris104,1,1,mslq,12
Joris104,1,7,mslq,17
Joris104,1,7,mslq,22
Joris104,1,1,mslq,8
Joris104,1,5,mslq,13
Joris104,1,3,mslq,18
Joris104,1,5,mslq,23
Joris104,1,2,mslq,9
Joris104,1,3,mslq,14
Joris104,1,6,mslq,19
Joris104,1,5,mslq,24
Joris104,1,2,mslq,5
Joris104,1,1,mslq,10
Joris104,1,7,mslq,15
Joris104,1,6,mslq,20
Joris104,1,5,mslq,25
Joris104,1,4,sims,18
Joris104,1,0,sims,17
Joris104,1,0,sims,16
Joris104,1,5,sims,15
Joris104,1,0,sims,14
Joris104,1,0,sims,13
Joris104,1,3,sims,12
Joris104,1,4,sims,11
Joris104,1,2,sims,9
Joris104,1,0,sims,8
Joris104,1,0,sims,7
Joris104,1,3,sims,6
Joris104,1,4,sims,5
Joris104,1,4,sims,4
Joris104,1,0,sims,3
Joris104,1,4,sims,2
Joris104,1,3,tlx,6
Joris104,1,14,tlx,5
Joris104,1,12,tlx,4
Joris104,1,6,tlx,3
Joris104,1,6,tlx,2
Joris104,1,8,tlx,1
Joris104,1,9,jold,8
Joris104,1,11,jold,1
acvetkov,3,4,ueq,30
acvetkov,3,3,ueq,29
acvetkov,3,5,ueq,28
acvetkov,3,3,ueq,27
acvetkov,3,4,ueq,26
acvetkov,3,5,ueq,24
acvetkov,3,4,ueq,23
acvetkov,3,4,ueq,22
acvetkov,3,3,ueq,21
acvetkov,3,4,ueq,20
acvetkov,3,5,ueq,19
acvetkov,3,4,ueq,18
acvetkov,3,5,ueq,16
acvetkov,3,3,ueq,15
acvetkov,3,2,ueq,14
acvetkov,3,4,ueq,13
acvetkov,3,4,ueq,12
acvetkov,3,3,ueq,11
acvetkov,3,4,ueq,10
acvetkov,3,6,ueq,8
acvetkov,3,6,ueq,7
acvetkov,3,4,ueq,6
acvetkov,3,2,ueq,5
acvetkov,3,2,ueq,4
acvetkov,3,3,ueq,3
acvetkov,3,7,ueq,2
acvetkov,3,1,prof,8
acvetkov,3,1,prof,7
acvetkov,3,1,prof,6
acvetkov,3,3,prof,5
acvetkov,3,3,prof,4
acvetkov,3,2,prof,3
acvetkov,3,24,prof,2
acvetkov,3,6,mslq,6
acvetkov,3,4,mslq,11
acvetkov,3,6,mslq,16
acvetkov,3,7,mslq,21
acvetkov,3,6,mslq,7
acvetkov,3,3,mslq,12
acvetkov,3,7,mslq,17
acvetkov,3,7,mslq,22
acvetkov,3,3,mslq,8
acvetkov,3,7,mslq,13
acvetkov,3,7,mslq,18
acvetkov,3,7,mslq,23
acvetkov,3,2,mslq,9
acvetkov,3,3,mslq,14
acvetkov,3,6,mslq,19
acvetkov,3,6,mslq,24
acvetkov,3,7,mslq,5
acvetkov,3,6,mslq,10
acvetkov,3,7,mslq,15
acvetkov,3,7,mslq,20
acvetkov,3,7,mslq,25
acvetkov,3,0,sims,18
acvetkov,3,0,sims,17
acvetkov,3,2,sims,16
acvetkov,3,5,sims,15
acvetkov,3,0,sims,14
acvetkov,3,2,sims,13
acvetkov,3,5,sims,12
acvetkov,3,5,sims,11
acvetkov,3,0,sims,9
acvetkov,3,2,sims,8
acvetkov,3,0,sims,7
acvetkov,3,5,sims,6
acvetkov,3,0,sims,5
acvetkov,3,2,sims,4
acvetkov,3,0,sims,3
acvetkov,3,5,sims,2
acvetkov,3,1,tlx,6
acvetkov,3,16,tlx,5
acvetkov,3,17,tlx,4
acvetkov,3,16,tlx,3
acvetkov,3,4,tlx,2
acvetkov,3,15,tlx,1
acvetkov,3,7,jold,7
acvetkov,3,9,jold,6
acvetkov,3,11,jold,5
acvetkov,3,1,jold,8
acvetkov,3,11,jold,3
acvetkov,3,9,jold,2
acvetkov,3,7,jold,1
acvetkov,2,4,mslq,53
acvetkov,2,4,mslq,58
acvetkov,2,1,mslq,71
acvetkov,2,4,mslq,54
acvetkov,2,5,mslq,59
acvetkov,2,2,mslq,72
acvetkov,2,4,mslq,55
acvetkov,2,5,mslq,60
acvetkov,2,1,mslq,73
acvetkov,2,2,mslq,51
acvetkov,2,1,mslq,56
acvetkov,2,4,mslq,61
acvetkov,2,5,mslq,74
acvetkov,2,7,mslq,6
acvetkov,2,4,mslq,11
acvetkov,2,5,mslq,16
acvetkov,2,5,mslq,21
acvetkov,2,5,mslq,7
acvetkov,2,4,mslq,12
acvetkov,2,5,mslq,17
acvetkov,2,4,mslq,22
acvetkov,2,2,mslq,8
acvetkov,2,5,mslq,13
acvetkov,2,6,mslq,18
acvetkov,2,6,mslq,23
acvetkov,2,2,mslq,9
acvetkov,2,3,mslq,14
acvetkov,2,5,mslq,19
acvetkov,2,5,mslq,24
acvetkov,2,5,mslq,52
acvetkov,2,4,mslq,57
acvetkov,2,5,mslq,62
acvetkov,2,6,mslq,5
acvetkov,2,4,mslq,10
acvetkov,2,5,mslq,15
acvetkov,2,6,mslq,20
acvetkov,2,6,mslq,25
acvetkov,2,0,sims,18
acvetkov,2,0,sims,17
acvetkov,2,1,sims,16
acvetkov,2,4,sims,15
acvetkov,2,0,sims,14
acvetkov,2,2,sims,13
acvetkov,2,4,sims,12
acvetkov,2,3,sims,11
acvetkov,2,0,sims,9
acvetkov,2,2,sims,8
acvetkov,2,0,sims,7
acvetkov,2,2,sims,6
acvetkov,2,0,sims,5
acvetkov,2,2,sims,4
acvetkov,2,0,sims,3
acvetkov,2,5,sims,2
acvetkov,2,10,tlx,6
acvetkov,2,15,tlx,5
acvetkov,2,17,tlx,4
acvetkov,2,15,tlx,3
acvetkov,2,7,tlx,2
acvetkov,2,15,tlx,1
acvetkov,2,2,jold,8
acvetkov,2,11,jold,2
acvetkov,2,6,jold,1
corinne,2,4,mslq,53
corinne,2,5,mslq,58
corinne,2,6,mslq,71
corinne,2,5,mslq,54
corinne,2,5,mslq,59
corinne,2,5,mslq,72
corinne,2,3,mslq,55
corinne,2,4,mslq,60
corinne,2,6,mslq,73
acvetkov,1,5,mslq,6
acvetkov,1,3,mslq,11
acvetkov,1,5,mslq,16
acvetkov,1,6,mslq,21
corinne,2,3,mslq,51
corinne,2,4,mslq,56
corinne,2,4,mslq,61
corinne,2,5,mslq,74
corinne,2,6,mslq,6
corinne,2,4,mslq,11
corinne,2,3,mslq,16
corinne,2,5,mslq,21
acvetkov,1,5,mslq,7
acvetkov,1,2,mslq,12
acvetkov,1,6,mslq,17
acvetkov,1,3,mslq,22
corinne,2,5,mslq,7
corinne,2,2,mslq,12
corinne,2,4,mslq,17
corinne,2,4,mslq,22
corinne,2,3,mslq,8
corinne,2,4,mslq,13
corinne,2,3,mslq,18
corinne,2,4,mslq,23
acvetkov,1,3,mslq,8
acvetkov,1,5,mslq,13
acvetkov,1,4,mslq,18
acvetkov,1,5,mslq,23
corinne,2,3,mslq,9
corinne,2,4,mslq,14
corinne,2,3,mslq,19
corinne,2,4,mslq,24
corinne,2,5,mslq,52
corinne,2,2,mslq,57
corinne,2,5,mslq,62
acvetkov,1,3,mslq,9
acvetkov,1,6,mslq,14
acvetkov,1,4,mslq,19
acvetkov,1,4,mslq,24
corinne,2,4,mslq,5
corinne,2,2,mslq,10
corinne,2,5,mslq,15
corinne,2,3,mslq,20
corinne,2,5,mslq,25
corinne,2,3,sims,18
corinne,2,3,sims,17
corinne,2,3,sims,16
corinne,2,3,sims,15
corinne,2,3,sims,14
corinne,2,3,sims,13
corinne,2,3,sims,12
corinne,2,3,sims,11
acvetkov,1,5,mslq,5
acvetkov,1,5,mslq,10
acvetkov,1,6,mslq,15
acvetkov,1,4,mslq,20
acvetkov,1,6,mslq,25
corinne,2,1,sims,9
corinne,2,3,sims,8
corinne,2,3,sims,7
corinne,2,2,sims,6
corinne,2,3,sims,5
corinne,2,3,sims,4
corinne,2,3,sims,3
corinne,2,3,sims,2
corinne,2,12,tlx,6
corinne,2,13,tlx,5
corinne,2,4,tlx,4
corinne,2,11,tlx,3
corinne,2,10,tlx,2
corinne,2,7,tlx,1
corinne,2,7,jold,8
corinne,2,8,jold,2
corinne,2,7,jold,1
acvetkov,1,1,sims,18
acvetkov,1,1,sims,17
acvetkov,1,1,sims,16
acvetkov,1,3,sims,15
acvetkov,1,2,sims,14
acvetkov,1,3,sims,13
acvetkov,1,2,sims,12
acvetkov,1,2,sims,11
acvetkov,1,1,sims,9
acvetkov,1,3,sims,8
acvetkov,1,3,sims,7
acvetkov,1,1,sims,6
acvetkov,1,1,sims,5
acvetkov,1,4,sims,4
acvetkov,1,1,sims,3
acvetkov,1,3,sims,2
acvetkov,1,10,tlx,6
acvetkov,1,15,tlx,5
acvetkov,1,10,tlx,4
acvetkov,1,14,tlx,3
acvetkov,1,8,tlx,2
acvetkov,1,16,tlx,1
acvetkov,1,8,jold,8
acvetkov,1,9,jold,1
corinne,1,5,mslq,6
corinne,1,3,mslq,11
corinne,1,1,mslq,16
corinne,1,3,mslq,21
corinne,1,1,mslq,7
corinne,1,1,mslq,12
corinne,1,4,mslq,17
corinne,1,3,mslq,22
corinne,1,1,mslq,8
corinne,1,3,mslq,13
corinne,1,4,mslq,18
corinne,1,2,mslq,23
corinne,1,1,mslq,9
corinne,1,4,mslq,14
corinne,1,2,mslq,19
corinne,1,3,mslq,24
corinne,1,2,mslq,5
corinne,1,1,mslq,10
corinne,1,3,mslq,15
corinne,1,2,mslq,20
corinne,1,3,mslq,25
corinne,1,3,sims,18
corinne,1,3,sims,17
corinne,1,1,sims,16
corinne,1,1,sims,15
corinne,1,3,sims,14
corinne,1,4,sims,13
corinne,1,2,sims,12
corinne,1,2,sims,11
corinne,1,2,sims,9
corinne,1,4,sims,8
corinne,1,1,sims,7
corinne,1,0,sims,6
corinne,1,3,sims,5
corinne,1,4,sims,4
corinne,1,1,sims,3
corinne,1,1,sims,2
corinne,1,20,tlx,6
corinne,1,9,tlx,5
corinne,1,1,tlx,4
corinne,1,11,tlx,3
corinne,1,8,tlx,2
corinne,1,8,tlx,1
corinne,1,8,jold,8
corinne,1,8,jold,1
lbois,3,4,ueq,30
lbois,3,2,ueq,29
lbois,3,2,ueq,28
lbois,3,1,ueq,27
lbois,3,4,ueq,26
lbois,3,4,ueq,24
lbois,3,4,ueq,23
lbois,3,4,ueq,22
lbois,3,4,ueq,21
lbois,3,4,ueq,20
lbois,3,4,ueq,19
lbois,3,4,ueq,18
lbois,3,6,ueq,16
lbois,3,7,ueq,15
lbois,3,4,ueq,14
lbois,3,4,ueq,13
lbois,3,4,ueq,12
lbois,3,1,ueq,11
lbois,3,4,ueq,10
lbois,3,4,ueq,8
lbois,3,4,ueq,7
lbois,3,4,ueq,6
lbois,3,1,ueq,5
lbois,3,4,ueq,4
lbois,3,2,ueq,3
lbois,3,5,ueq,2
lbois,3,1,prof,8
lbois,3,1,prof,7
lbois,3,4,prof,6
lbois,3,5,prof,5
lbois,3,3,prof,4
lbois,3,2,prof,3
lbois,3,27,prof,2
lbois,3,6,mslq,6
lbois,3,3,mslq,11
lbois,3,5,mslq,16
lbois,3,7,mslq,21
lbois,3,6,mslq,7
lbois,3,2,mslq,12
lbois,3,5,mslq,17
lbois,3,4,mslq,22
lbois,3,4,mslq,8
lbois,3,4,mslq,13
lbois,3,6,mslq,18
lbois,3,6,mslq,23
lbois,3,2,mslq,9
lbois,3,2,mslq,14
lbois,3,6,mslq,19
lbois,3,6,mslq,24
lbois,3,5,mslq,5
lbois,3,2,mslq,10
lbois,3,6,mslq,15
lbois,3,6,mslq,20
lbois,3,6,mslq,25
lbois,3,0,sims,18
lbois,3,0,sims,17
lbois,3,0,sims,16
lbois,3,0,sims,15
lbois,3,0,sims,14
lbois,3,0,sims,13
lbois,3,1,sims,12
lbois,3,1,sims,11
lbois,3,0,sims,9
lbois,3,0,sims,8
lbois,3,0,sims,7
lbois,3,0,sims,6
lbois,3,0,sims,5
lbois,3,0,sims,4
lbois,3,0,sims,3
lbois,3,1,sims,2
lbois,3,3,tlx,6
lbois,3,16,tlx,5
lbois,3,19,tlx,4
lbois,3,5,tlx,3
lbois,3,2,tlx,2
lbois,3,16,tlx,1
lbois,3,7,jold,7
lbois,3,8,jold,6
lbois,3,9,jold,5
lbois,3,6,jold,8
lbois,3,9,jold,3
lbois,3,7,jold,2
lbois,3,7,jold,1
Jahier,3,5,ueq,30
Jahier,3,3,ueq,29
Jahier,3,3,ueq,28
Jahier,3,2,ueq,27
Jahier,3,6,ueq,26
Jahier,3,2,ueq,24
Jahier,3,4,ueq,23
Jahier,3,1,ueq,22
Jahier,3,3,ueq,21
Jahier,3,4,ueq,20
Jahier,3,6,ueq,19
Jahier,3,4,ueq,18
Jahier,3,4,ueq,16
Jahier,3,6,ueq,15
Jahier,3,2,ueq,14
Jahier,3,5,ueq,13
Jahier,3,3,ueq,12
Jahier,3,2,ueq,11
Jahier,3,4,ueq,10
Jahier,3,3,ueq,8
Jahier,3,2,ueq,7
Jahier,3,4,ueq,6
Jahier,3,3,ueq,5
Jahier,3,6,ueq,4
Jahier,3,2,ueq,3
Jahier,3,2,ueq,2
Jahier,3,1,prof,8
Jahier,3,4,prof,7
Jahier,3,4,prof,6
Jahier,3,2,prof,5
Jahier,3,1,prof,4
Jahier,3,2,prof,3
Jahier,3,45,prof,2
Jahier,3,2,mslq,6
Jahier,3,4,mslq,11
Jahier,3,5,mslq,16
Jahier,3,2,mslq,21
Jahier,3,3,mslq,7
Jahier,3,2,mslq,12
Jahier,3,2,mslq,17
Jahier,3,1,mslq,22
Jahier,3,2,mslq,8
Jahier,3,4,mslq,13
Jahier,3,3,mslq,18
Jahier,3,2,mslq,23
Jahier,3,4,mslq,9
Jahier,3,5,mslq,14
Jahier,3,1,mslq,19
Jahier,3,2,mslq,24
Jahier,3,2,mslq,5
Jahier,3,2,mslq,10
Jahier,3,4,mslq,15
Jahier,3,2,mslq,20
Jahier,3,2,mslq,25
Jahier,3,3,sims,18
Jahier,3,4,sims,17
Jahier,3,1,sims,16
Jahier,3,0,sims,15
Jahier,3,3,sims,14
Jahier,3,4,sims,13
Jahier,3,0,sims,12
Jahier,3,0,sims,11
Jahier,3,3,sims,9
Jahier,3,4,sims,8
Jahier,3,0,sims,7
Jahier,3,0,sims,6
Jahier,3,1,sims,5
Jahier,3,4,sims,4
Jahier,3,1,sims,3
Jahier,3,0,sims,2
Jahier,3,13,tlx,6
Jahier,3,11,tlx,5
Jahier,3,1,tlx,4
Jahier,3,13,tlx,3
Jahier,3,3,tlx,2
Jahier,3,13,tlx,1
Jahier,3,6,jold,7
Jahier,3,6,jold,6
Jahier,3,7,jold,5
Jahier,3,6,jold,8
Jahier,3,7,jold,3
Jahier,3,6,jold,2
Jahier,3,7,jold,1
Arkemousse,1,6,mslq,6
Arkemousse,1,2,mslq,11
Arkemousse,1,3,mslq,16
Arkemousse,1,5,mslq,21
Arkemousse,1,6,mslq,7
Arkemousse,1,2,mslq,12
Arkemousse,1,5,mslq,17
Arkemousse,1,1,mslq,22
Arkemousse,1,6,mslq,8
Arkemousse,1,3,mslq,13
Arkemousse,1,5,mslq,18
Arkemousse,1,1,mslq,23
Arkemousse,1,3,mslq,9
Arkemousse,1,5,mslq,14
Arkemousse,1,2,mslq,19
Arkemousse,1,3,mslq,24
Arkemousse,1,4,mslq,5
Arkemousse,1,1,mslq,10
Arkemousse,1,4,mslq,15
Arkemousse,1,2,mslq,20
Arkemousse,1,2,mslq,25
Arkemousse,1,3,sims,18
Arkemousse,1,0,sims,17
Arkemousse,1,0,sims,16
Arkemousse,1,1,sims,15
Arkemousse,1,3,sims,14
Arkemousse,1,0,sims,13
Arkemousse,1,2,sims,12
Arkemousse,1,2,sims,11
Arkemousse,1,5,sims,9
Arkemousse,1,0,sims,8
Arkemousse,1,0,sims,7
Arkemousse,1,0,sims,6
Arkemousse,1,4,sims,5
Arkemousse,1,5,sims,4
Arkemousse,1,0,sims,3
Arkemousse,1,2,sims,2
Arkemousse,1,15,tlx,6
Arkemousse,1,20,tlx,5
Arkemousse,1,1,tlx,4
Arkemousse,1,16,tlx,3
Arkemousse,1,3,tlx,2
Arkemousse,1,16,tlx,1
Arkemousse,1,8,jold,8
Arkemousse,1,9,jold,1
LuciaMarta,2,5,mslq,53
LuciaMarta,2,5,mslq,58
LuciaMarta,2,2,mslq,71
LuciaMarta,2,4,mslq,54
LuciaMarta,2,2,mslq,59
LuciaMarta,2,6,mslq,72
LuciaMarta,2,7,mslq,55
LuciaMarta,2,6,mslq,60
LuciaMarta,2,5,mslq,73
LuciaMarta,2,3,mslq,51
LuciaMarta,2,5,mslq,56
LuciaMarta,2,1,mslq,61
LuciaMarta,2,2,mslq,74
LuciaMarta,2,2,mslq,6
LuciaMarta,2,4,mslq,11
LuciaMarta,2,4,mslq,16
LuciaMarta,2,6,mslq,21
LuciaMarta,2,4,mslq,7
LuciaMarta,2,4,mslq,12
LuciaMarta,2,5,mslq,17
LuciaMarta,2,1,mslq,22
LuciaMarta,2,3,mslq,8
LuciaMarta,2,4,mslq,13
LuciaMarta,2,5,mslq,18
LuciaMarta,2,1,mslq,23
LuciaMarta,2,4,mslq,9
LuciaMarta,2,7,mslq,14
LuciaMarta,2,1,mslq,19
LuciaMarta,2,5,mslq,24
LuciaMarta,2,7,mslq,52
LuciaMarta,2,5,mslq,57
LuciaMarta,2,5,mslq,62
LuciaMarta,2,5,mslq,5
LuciaMarta,2,6,mslq,10
LuciaMarta,2,7,mslq,15
LuciaMarta,2,1,mslq,20
LuciaMarta,2,2,mslq,25
LuciaMarta,2,0,sims,18
LuciaMarta,2,0,sims,17
LuciaMarta,2,2,sims,16
LuciaMarta,2,1,sims,15
LuciaMarta,2,1,sims,14
LuciaMarta,2,0,sims,13
LuciaMarta,2,2,sims,12
LuciaMarta,2,2,sims,11
LuciaMarta,2,0,sims,9
LuciaMarta,2,0,sims,8
LuciaMarta,2,2,sims,7
LuciaMarta,2,0,sims,6
LuciaMarta,2,4,sims,5
LuciaMarta,2,1,sims,4
LuciaMarta,2,0,sims,3
LuciaMarta,2,4,sims,2
LuciaMarta,2,20,tlx,6
LuciaMarta,2,17,tlx,5
LuciaMarta,2,1,tlx,4
LuciaMarta,2,18,tlx,3
LuciaMarta,2,18,tlx,2
LuciaMarta,2,17,tlx,1
LuciaMarta,2,10,jold,8
LuciaMarta,2,9,jold,2
LuciaMarta,2,8,jold,1
LuciaMarta,1,2,mslq,6
LuciaMarta,1,2,mslq,11
LuciaMarta,1,6,mslq,16
LuciaMarta,1,7,mslq,21
LuciaMarta,1,3,mslq,7
LuciaMarta,1,6,mslq,12
LuciaMarta,1,5,mslq,17
LuciaMarta,1,1,mslq,22
LuciaMarta,1,2,mslq,8
LuciaMarta,1,2,mslq,13
LuciaMarta,1,3,mslq,18
LuciaMarta,1,2,mslq,23
LuciaMarta,1,1,mslq,9
LuciaMarta,1,7,mslq,14
LuciaMarta,1,2,mslq,19
LuciaMarta,1,5,mslq,24
LuciaMarta,1,1,mslq,5
LuciaMarta,1,2,mslq,10
LuciaMarta,1,5,mslq,15
LuciaMarta,1,1,mslq,20
LuciaMarta,1,3,mslq,25
LuciaMarta,1,0,sims,18
LuciaMarta,1,0,sims,17
LuciaMarta,1,0,sims,16
LuciaMarta,1,2,sims,15
LuciaMarta,1,0,sims,14
LuciaMarta,1,0,sims,13
LuciaMarta,1,1,sims,12
LuciaMarta,1,4,sims,11
LuciaMarta,1,0,sims,9
LuciaMarta,1,0,sims,8
LuciaMarta,1,0,sims,7
LuciaMarta,1,4,sims,6
LuciaMarta,1,0,sims,5
LuciaMarta,1,3,sims,4
LuciaMarta,1,0,sims,3
LuciaMarta,1,1,sims,2
LuciaMarta,1,17,tlx,6
LuciaMarta,1,18,tlx,5
LuciaMarta,1,1,tlx,4
LuciaMarta,1,17,tlx,3
LuciaMarta,1,8,tlx,2
LuciaMarta,1,17,tlx,1
LuciaMarta,1,5,jold,8
LuciaMarta,1,7,jold,1
QuentinM,3,3,ueq,30
QuentinM,3,3,ueq,29
QuentinM,3,3,ueq,28
QuentinM,3,2,ueq,27
QuentinM,3,6,ueq,26
QuentinM,3,2,ueq,24
QuentinM,3,6,ueq,23
QuentinM,3,2,ueq,22
QuentinM,3,4,ueq,21
QuentinM,3,2,ueq,20
QuentinM,3,6,ueq,19
QuentinM,3,3,ueq,18
QuentinM,3,5,ueq,16
QuentinM,3,6,ueq,15
QuentinM,3,2,ueq,14
QuentinM,3,5,ueq,13
QuentinM,3,5,ueq,12
QuentinM,3,5,ueq,11
QuentinM,3,3,ueq,10
QuentinM,3,3,ueq,8
QuentinM,3,3,ueq,7
QuentinM,3,3,ueq,6
QuentinM,3,1,ueq,5
QuentinM,3,5,ueq,4
QuentinM,3,6,ueq,3
QuentinM,3,6,ueq,2
QuentinM,3,1,prof,8
QuentinM,3,3,prof,7
QuentinM,3,4,prof,6
QuentinM,3,5,prof,5
QuentinM,3,3,prof,4
QuentinM,3,2,prof,3
QuentinM,3,25,prof,2
QuentinM,3,7,mslq,6
QuentinM,3,2,mslq,11
QuentinM,3,5,mslq,16
QuentinM,3,7,mslq,21
QuentinM,3,7,mslq,7
QuentinM,3,2,mslq,12
QuentinM,3,6,mslq,17
QuentinM,3,7,mslq,22
QuentinM,3,7,mslq,8
QuentinM,3,3,mslq,13
QuentinM,3,6,mslq,18
QuentinM,3,7,mslq,23
QuentinM,3,2,mslq,9
QuentinM,3,7,mslq,14
QuentinM,3,7,mslq,19
QuentinM,3,7,mslq,24
QuentinM,3,7,mslq,5
QuentinM,3,2,mslq,10
QuentinM,3,7,mslq,15
QuentinM,3,7,mslq,20
QuentinM,3,7,mslq,25
QuentinM,3,0,sims,18
QuentinM,3,3,sims,17
QuentinM,3,1,sims,16
QuentinM,3,3,sims,15
QuentinM,3,5,sims,14
QuentinM,3,4,sims,13
QuentinM,3,1,sims,12
QuentinM,3,2,sims,11
QuentinM,3,1,sims,9
QuentinM,3,4,sims,8
QuentinM,3,1,sims,7
QuentinM,3,2,sims,6
QuentinM,3,0,sims,5
QuentinM,3,2,sims,4
QuentinM,3,1,sims,3
QuentinM,3,2,sims,2
QuentinM,3,15,tlx,6
QuentinM,3,4,tlx,5
QuentinM,3,19,tlx,4
QuentinM,3,7,tlx,3
QuentinM,3,2,tlx,2
QuentinM,3,3,tlx,1
QuentinM,3,6,jold,7
QuentinM,3,9,jold,6
QuentinM,3,8,jold,5
QuentinM,3,6,jold,8
QuentinM,3,11,jold,3
QuentinM,3,7,jold,2
QuentinM,3,6,jold,1
lbois,2,4,mslq,53
lbois,2,2,mslq,58
lbois,2,1,mslq,71
lbois,2,4,mslq,54
lbois,2,3,mslq,59
lbois,2,4,mslq,72
lbois,2,4,mslq,55
lbois,2,5,mslq,60
lbois,2,1,mslq,73
lbois,2,1,mslq,51
lbois,2,5,mslq,56
lbois,2,5,mslq,61
lbois,2,5,mslq,74
lbois,2,5,mslq,6
lbois,2,3,mslq,11
lbois,2,6,mslq,16
lbois,2,6,mslq,21
lbois,2,6,mslq,7
lbois,2,2,mslq,12
lbois,2,5,mslq,17
lbois,2,4,mslq,22
lbois,2,2,mslq,8
lbois,2,5,mslq,13
lbois,2,6,mslq,18
lbois,2,5,mslq,23
lbois,2,3,mslq,9
lbois,2,2,mslq,14
lbois,2,5,mslq,19
lbois,2,5,mslq,24
lbois,2,4,mslq,52
lbois,2,3,mslq,57
lbois,2,5,mslq,62
lbois,2,2,mslq,5
lbois,2,2,mslq,10
lbois,2,6,mslq,15
lbois,2,6,mslq,20
lbois,2,6,mslq,25
lbois,2,0,sims,18
lbois,2,0,sims,17
lbois,2,0,sims,16
lbois,2,2,sims,15
lbois,2,0,sims,14
lbois,2,0,sims,13
lbois,2,0,sims,12
lbois,2,0,sims,11
lbois,2,0,sims,9
lbois,2,0,sims,8
lbois,2,0,sims,7
lbois,2,0,sims,6
lbois,2,0,sims,5
lbois,2,0,sims,4
lbois,2,0,sims,3
lbois,2,2,sims,2
lbois,2,15,tlx,6
lbois,2,15,tlx,5
lbois,2,13,tlx,4
lbois,2,6,tlx,3
lbois,2,2,tlx,2
lbois,2,14,tlx,1
lbois,2,7,jold,8
lbois,2,8,jold,2
lbois,2,8,jold,1
Jahier,2,5,mslq,53
Jahier,2,5,mslq,58
Jahier,2,2,mslq,71
Jahier,2,3,mslq,54
Jahier,2,5,mslq,59
Jahier,2,1,mslq,72
Jahier,2,7,mslq,55
Jahier,2,3,mslq,60
Jahier,2,3,mslq,73
Jahier,2,4,mslq,51
Jahier,2,1,mslq,56
Jahier,2,3,mslq,61
Jahier,2,3,mslq,74
Jahier,2,2,mslq,6
Jahier,2,5,mslq,11
Jahier,2,3,mslq,16
Jahier,2,3,mslq,21
Jahier,2,1,mslq,7
Jahier,2,3,mslq,12
Jahier,2,4,mslq,17
Jahier,2,1,mslq,22
Jahier,2,2,mslq,8
Jahier,2,5,mslq,13
Jahier,2,3,mslq,18
Jahier,2,3,mslq,23
Jahier,2,5,mslq,9
Jahier,2,5,mslq,14
Jahier,2,1,mslq,19
Jahier,2,2,mslq,24
Jahier,2,5,mslq,52
Jahier,2,3,mslq,57
Jahier,2,5,mslq,62
Jahier,2,1,mslq,5
Jahier,2,3,mslq,10
Jahier,2,3,mslq,15
Jahier,2,2,mslq,20
Jahier,2,2,mslq,25
Jahier,2,3,sims,18
Jahier,2,3,sims,17
Jahier,2,1,sims,16
Jahier,2,1,sims,15
Jahier,2,1,sims,14
Jahier,2,2,sims,13
Jahier,2,0,sims,12
Jahier,2,0,sims,11
Jahier,2,2,sims,9
Jahier,2,2,sims,8
Jahier,2,1,sims,7
Jahier,2,1,sims,6
Jahier,2,4,sims,5
Jahier,2,2,sims,4
Jahier,2,1,sims,3
Jahier,2,0,sims,2
Jahier,2,12,tlx,6
Jahier,2,14,tlx,5
Jahier,2,2,tlx,4
Jahier,2,14,tlx,3
Jahier,2,9,tlx,2
Jahier,2,12,tlx,1
Jahier,2,2,jold,8
Jahier,2,7,jold,2
Jahier,2,7,jold,1
Louis,3,6,ueq,30
Louis,3,3,ueq,29
Louis,3,2,ueq,28
Louis,3,2,ueq,27
Louis,3,6,ueq,26
Louis,3,1,ueq,24
Louis,3,5,ueq,23
Louis,3,2,ueq,22
Louis,3,3,ueq,21
Louis,3,2,ueq,20
Louis,3,6,ueq,19
Louis,3,5,ueq,18
Louis,3,5,ueq,16
Louis,3,4,ueq,15
Louis,3,2,ueq,14
Louis,3,5,ueq,13
Louis,3,2,ueq,12
Louis,3,3,ueq,11
Louis,3,3,ueq,10
Louis,3,5,ueq,8
Louis,3,6,ueq,7
Louis,3,3,ueq,6
Louis,3,2,ueq,5
Louis,3,3,ueq,4
Louis,3,5,ueq,3
Louis,3,6,ueq,2
Louis,3,1,prof,8
Louis,3,1,prof,7
Louis,3,1,prof,6
Louis,3,3,prof,5
Louis,3,3,prof,4
Louis,3,2,prof,3
Louis,3,17,prof,2
Louis,3,2,mslq,6
Louis,3,7,mslq,11
Louis,3,4,mslq,16
Louis,3,7,mslq,21
Louis,3,3,mslq,7
Louis,3,4,mslq,12
Louis,3,5,mslq,17
Louis,3,6,mslq,22
Louis,3,2,mslq,8
Louis,3,7,mslq,13
Louis,3,5,mslq,18
Louis,3,7,mslq,23
Louis,3,4,mslq,9
Louis,3,5,mslq,14
Louis,3,5,mslq,19
Louis,3,7,mslq,24
Louis,3,2,mslq,5
Louis,3,4,mslq,10
Louis,3,5,mslq,15
Louis,3,6,mslq,20
Louis,3,7,mslq,25
Louis,3,1,sims,18
Louis,3,0,sims,17
Louis,3,3,sims,16
Louis,3,4,sims,15
Louis,3,1,sims,14
Louis,3,0,sims,13
Louis,3,3,sims,12
Louis,3,5,sims,11
Louis,3,1,sims,9
Louis,3,0,sims,8
Louis,3,3,sims,7
Louis,3,4,sims,6
Louis,3,1,sims,5
Louis,3,1,sims,4
Louis,3,3,sims,3
Louis,3,5,sims,2
Louis,3,5,tlx,6
Louis,3,14,tlx,5
Louis,3,10,tlx,4
Louis,3,8,tlx,3
Louis,3,3,tlx,2
Louis,3,6,tlx,1
Louis,3,8,jold,7
Louis,3,9,jold,6
Louis,3,11,jold,5
Louis,3,6,jold,8
Louis,3,11,jold,3
Louis,3,8,jold,2
Louis,3,7,jold,1
SoufianG,3,6,ueq,30
SoufianG,3,2,ueq,29
SoufianG,3,3,ueq,28
SoufianG,3,4,ueq,27
SoufianG,3,5,ueq,26
SoufianG,3,2,ueq,24
SoufianG,3,5,ueq,23
SoufianG,3,3,ueq,22
SoufianG,3,3,ueq,21
SoufianG,3,4,ueq,20
SoufianG,3,7,ueq,19
SoufianG,3,6,ueq,18
SoufianG,3,6,ueq,16
SoufianG,3,5,ueq,15
SoufianG,3,2,ueq,14
SoufianG,3,4,ueq,13
SoufianG,3,6,ueq,12
SoufianG,3,4,ueq,11
SoufianG,3,5,ueq,10
SoufianG,3,5,ueq,8
SoufianG,3,5,ueq,7
SoufianG,3,4,ueq,6
SoufianG,3,3,ueq,5
SoufianG,3,4,ueq,4
SoufianG,3,6,ueq,3
SoufianG,3,5,ueq,2
SoufianG,3,1,prof,8
SoufianG,3,5,prof,7
SoufianG,3,4,prof,6
SoufianG,3,5,prof,5
SoufianG,3,3,prof,4
SoufianG,3,2,prof,3
SoufianG,3,24,prof,2
SoufianG,3,6,mslq,6
SoufianG,3,6,mslq,11
SoufianG,3,6,mslq,16
SoufianG,3,7,mslq,21
SoufianG,3,6,mslq,7
SoufianG,3,3,mslq,12
SoufianG,3,7,mslq,17
SoufianG,3,7,mslq,22
SoufianG,3,6,mslq,8
SoufianG,3,5,mslq,13
SoufianG,3,6,mslq,18
SoufianG,3,7,mslq,23
SoufianG,3,5,mslq,9
SoufianG,3,4,mslq,14
SoufianG,3,7,mslq,19
SoufianG,3,7,mslq,24
SoufianG,3,5,mslq,5
SoufianG,3,5,mslq,10
SoufianG,3,7,mslq,15
SoufianG,3,7,mslq,20
SoufianG,3,7,mslq,25
SoufianG,3,3,sims,18
SoufianG,3,3,sims,17
SoufianG,3,3,sims,16
SoufianG,3,3,sims,15
SoufianG,3,3,sims,14
SoufianG,3,3,sims,13
SoufianG,3,3,sims,12
SoufianG,3,3,sims,11
SoufianG,3,1,sims,9
SoufianG,3,2,sims,8
SoufianG,3,1,sims,7
SoufianG,3,3,sims,6
SoufianG,3,3,sims,5
SoufianG,3,1,sims,4
SoufianG,3,1,sims,3
SoufianG,3,2,sims,2
SoufianG,3,1,tlx,6
SoufianG,3,4,tlx,5
SoufianG,3,16,tlx,4
SoufianG,3,5,tlx,3
SoufianG,3,1,tlx,2
SoufianG,3,4,tlx,1
SoufianG,3,6,jold,7
SoufianG,3,8,jold,6
SoufianG,3,10,jold,5
SoufianG,3,9,jold,8
SoufianG,3,11,jold,3
SoufianG,3,8,jold,2
SoufianG,3,11,jold,1
lbois,1,6,mslq,6
lbois,1,3,mslq,11
lbois,1,6,mslq,16
lbois,1,6,mslq,21
lbois,1,6,mslq,7
lbois,1,2,mslq,12
lbois,1,4,mslq,17
lbois,1,2,mslq,22
lbois,1,4,mslq,8
lbois,1,5,mslq,13
lbois,1,4,mslq,18
lbois,1,5,mslq,23
lbois,1,2,mslq,9
lbois,1,2,mslq,14
lbois,1,5,mslq,19
lbois,1,5,mslq,24
lbois,1,2,mslq,5
lbois,1,2,mslq,10
lbois,1,6,mslq,15
lbois,1,6,mslq,20
lbois,1,6,mslq,25
lbois,1,0,sims,18
lbois,1,0,sims,17
lbois,1,0,sims,16
lbois,1,1,sims,15
lbois,1,0,sims,14
lbois,1,0,sims,13
lbois,1,2,sims,12
lbois,1,2,sims,11
lbois,1,0,sims,9
lbois,1,0,sims,8
lbois,1,0,sims,7
lbois,1,0,sims,6
lbois,1,0,sims,5
lbois,1,0,sims,4
lbois,1,2,sims,3
lbois,1,4,sims,2
lbois,1,16,tlx,6
lbois,1,16,tlx,5
lbois,1,13,tlx,4
lbois,1,11,tlx,3
lbois,1,1,tlx,2
lbois,1,13,tlx,1
lbois,1,3,jold,8
lbois,1,9,jold,1
mleclair,3,3,ueq,30
mleclair,3,2,ueq,29
mleclair,3,4,ueq,28
mleclair,3,1,ueq,27
mleclair,3,6,ueq,26
mleclair,3,3,ueq,24
mleclair,3,5,ueq,23
mleclair,3,3,ueq,22
mleclair,3,4,ueq,21
mleclair,3,3,ueq,20
mleclair,3,6,ueq,19
mleclair,3,2,ueq,18
mleclair,3,5,ueq,16
mleclair,3,6,ueq,15
mleclair,3,2,ueq,14
mleclair,3,3,ueq,13
mleclair,3,5,ueq,12
mleclair,3,3,ueq,11
mleclair,3,6,ueq,10
mleclair,3,6,ueq,8
mleclair,3,5,ueq,7
mleclair,3,2,ueq,6
mleclair,3,2,ueq,5
mleclair,3,4,ueq,4
mleclair,3,6,ueq,3
mleclair,3,6,ueq,2
mleclair,3,1,prof,8
mleclair,3,5,prof,7
mleclair,3,4,prof,6
mleclair,3,4,prof,5
mleclair,3,3,prof,4
mleclair,3,4,prof,3
mleclair,3,23,prof,2
mleclair,3,1,mslq,6
mleclair,3,7,mslq,11
mleclair,3,1,mslq,16
mleclair,3,7,mslq,21
mleclair,3,2,mslq,7
mleclair,3,5,mslq,12
mleclair,3,5,mslq,17
mleclair,3,6,mslq,22
mleclair,3,5,mslq,8
mleclair,3,7,mslq,13
mleclair,3,1,mslq,18
mleclair,3,6,mslq,23
mleclair,3,5,mslq,9
mleclair,3,6,mslq,14
mleclair,3,5,mslq,19
mleclair,3,5,mslq,24
mleclair,3,2,mslq,5
mleclair,3,5,mslq,10
mleclair,3,5,mslq,15
mleclair,3,6,mslq,20
mleclair,3,7,mslq,25
mleclair,3,0,sims,18
mleclair,3,0,sims,17
mleclair,3,4,sims,16
mleclair,3,5,sims,15
mleclair,3,0,sims,14
mleclair,3,4,sims,13
mleclair,3,6,sims,12
mleclair,3,6,sims,11
mleclair,3,0,sims,9
mleclair,3,2,sims,8
mleclair,3,2,sims,7
mleclair,3,4,sims,6
mleclair,3,0,sims,5
mleclair,3,1,sims,4
mleclair,3,4,sims,3
mleclair,3,6,sims,2
mleclair,3,7,tlx,6
mleclair,3,13,tlx,5
mleclair,3,15,tlx,4
mleclair,3,14,tlx,3
mleclair,3,1,tlx,2
mleclair,3,13,tlx,1
mleclair,3,6,jold,7
mleclair,3,8,jold,6
mleclair,3,9,jold,5
mleclair,3,5,jold,8
mleclair,3,10,jold,3
mleclair,3,5,jold,2
mleclair,3,6,jold,1
Jahier,1,2,mslq,6
Jahier,1,3,mslq,11
Jahier,1,5,mslq,16
Jahier,1,3,mslq,21
Jahier,1,2,mslq,7
Jahier,1,3,mslq,12
Jahier,1,2,mslq,17
Jahier,1,1,mslq,22
Jahier,1,2,mslq,8
Jahier,1,3,mslq,13
Jahier,1,4,mslq,18
Jahier,1,2,mslq,23
Jahier,1,2,mslq,9
Jahier,1,5,mslq,14
Jahier,1,1,mslq,19
Jahier,1,1,mslq,24
Jahier,1,1,mslq,5
Jahier,1,1,mslq,10
Jahier,1,5,mslq,15
Jahier,1,1,mslq,20
Jahier,1,2,mslq,25
Jahier,1,4,sims,18
Jahier,1,1,sims,17
Jahier,1,0,sims,16
Jahier,1,0,sims,15
Jahier,1,3,sims,14
Jahier,1,4,sims,13
Jahier,1,0,sims,12
Jahier,1,0,sims,11
Jahier,1,2,sims,9
Jahier,1,3,sims,8
Jahier,1,1,sims,7
Jahier,1,1,sims,6
Jahier,1,4,sims,5
Jahier,1,3,sims,4
Jahier,1,1,sims,3
Jahier,1,1,sims,2
Jahier,1,14,tlx,6
Jahier,1,12,tlx,5
Jahier,1,1,tlx,4
Jahier,1,11,tlx,3
Jahier,1,2,tlx,2
Jahier,1,13,tlx,1
Jahier,1,3,jold,8
Jahier,1,6,jold,1
cycy,1,3,mslq,6
cycy,1,4,mslq,11
cycy,1,3,mslq,16
cycy,1,4,mslq,21
cycy,1,3,mslq,7
cycy,1,4,mslq,12
cycy,1,5,mslq,17
cycy,1,1,mslq,22
cycy,1,3,mslq,8
cycy,1,4,mslq,13
cycy,1,3,mslq,18
cycy,1,3,mslq,23
cycy,1,5,mslq,9
cycy,1,5,mslq,14
cycy,1,2,mslq,19
cycy,1,2,mslq,24
cycy,1,5,mslq,5
cycy,1,2,mslq,10
cycy,1,4,mslq,15
cycy,1,1,mslq,20
cycy,1,3,mslq,25
cycy,1,4,sims,18
cycy,1,2,sims,17
cycy,1,0,sims,16
cycy,1,2,sims,15
cycy,1,3,sims,14
cycy,1,2,sims,13
cycy,1,1,sims,12
cycy,1,1,sims,11
cycy,1,2,sims,9
cycy,1,3,sims,8
cycy,1,1,sims,7
cycy,1,0,sims,6
cycy,1,3,sims,5
cycy,1,2,sims,4
cycy,1,1,sims,3
cycy,1,1,sims,2
cycy,1,12,tlx,6
cycy,1,13,tlx,5
cycy,1,7,tlx,4
cycy,1,13,tlx,3
cycy,1,9,tlx,2
cycy,1,16,tlx,1
cycy,1,6,jold,8
cycy,1,3,jold,1
Funibus,3,4,ueq,30
Funibus,3,4,ueq,29
Funibus,3,4,ueq,28
Funibus,3,4,ueq,27
Funibus,3,4,ueq,26
Funibus,3,4,ueq,24
Funibus,3,4,ueq,23
Funibus,3,4,ueq,22
Funibus,3,4,ueq,21
Funibus,3,4,ueq,20
Funibus,3,4,ueq,19
Funibus,3,4,ueq,18
Funibus,3,5,ueq,16
Funibus,3,3,ueq,15
Funibus,3,4,ueq,14
Funibus,3,4,ueq,13
Funibus,3,4,ueq,12
Funibus,3,4,ueq,11
Funibus,3,4,ueq,10
Funibus,3,4,ueq,8
Funibus,3,4,ueq,7
Funibus,3,4,ueq,6
Funibus,3,5,ueq,5
Funibus,3,4,ueq,4
Funibus,3,2,ueq,3
Funibus,3,3,ueq,2
Funibus,3,1,prof,8
Funibus,3,2,prof,7
Funibus,3,4,prof,6
Funibus,3,3,prof,5
Funibus,3,3,prof,4
Funibus,3,1,prof,3
Funibus,3,28,prof,2
Funibus,3,2,mslq,6
Funibus,3,2,mslq,11
Funibus,3,2,mslq,16
Funibus,3,4,mslq,21
Funibus,3,2,mslq,7
Funibus,3,1,mslq,12
Funibus,3,3,mslq,17
Funibus,3,4,mslq,22
Funibus,3,2,mslq,8
Funibus,3,2,mslq,13
Funibus,3,2,mslq,18
Funibus,3,4,mslq,23
Funibus,3,1,mslq,9
Funibus,3,2,mslq,14
Funibus,3,4,mslq,19
Funibus,3,4,mslq,24
Funibus,3,2,mslq,5
Funibus,3,1,mslq,10
Funibus,3,5,mslq,15
Funibus,3,5,mslq,20
Funibus,3,5,mslq,25
Funibus,3,3,sims,18
Funibus,3,2,sims,17
Funibus,3,0,sims,16
Funibus,3,1,sims,15
Funibus,3,3,sims,14
Funibus,3,6,sims,13
Funibus,3,1,sims,12
Funibus,3,3,sims,11
Funibus,3,3,sims,9
Funibus,3,6,sims,8
Funibus,3,0,sims,7
Funibus,3,1,sims,6
Funibus,3,3,sims,5
Funibus,3,6,sims,4
Funibus,3,0,sims,3
Funibus,3,3,sims,2
Funibus,3,14,tlx,6
Funibus,3,17,tlx,5
Funibus,3,15,tlx,4
Funibus,3,11,tlx,3
Funibus,3,12,tlx,2
Funibus,3,8,tlx,1
Funibus,3,7,jold,7
Funibus,3,7,jold,6
Funibus,3,4,jold,5
Funibus,3,5,jold,8
Funibus,3,11,jold,3
Funibus,3,9,jold,2
Funibus,3,7,jold,1
QuentinM,2,2,mslq,53
QuentinM,2,5,mslq,58
QuentinM,2,1,mslq,71
QuentinM,2,5,mslq,54
QuentinM,2,2,mslq,59
QuentinM,2,5,mslq,72
QuentinM,2,1,mslq,55
QuentinM,2,2,mslq,60
QuentinM,2,1,mslq,73
QuentinM,2,2,mslq,51
QuentinM,2,1,mslq,56
QuentinM,2,2,mslq,61
QuentinM,2,5,mslq,74
QuentinM,2,7,mslq,6
QuentinM,2,3,mslq,11
QuentinM,2,5,mslq,16
QuentinM,2,7,mslq,21
QuentinM,2,7,mslq,7
QuentinM,2,3,mslq,12
QuentinM,2,5,mslq,17
QuentinM,2,6,mslq,22
QuentinM,2,7,mslq,8
QuentinM,2,5,mslq,13
QuentinM,2,5,mslq,18
QuentinM,2,7,mslq,23
QuentinM,2,3,mslq,9
QuentinM,2,6,mslq,14
QuentinM,2,7,mslq,19
QuentinM,2,6,mslq,24
QuentinM,2,5,mslq,52
QuentinM,2,2,mslq,57
QuentinM,2,2,mslq,62
QuentinM,2,6,mslq,5
QuentinM,2,5,mslq,10
QuentinM,2,5,mslq,15
QuentinM,2,6,mslq,20
QuentinM,2,7,mslq,25
QuentinM,2,0,sims,18
QuentinM,2,0,sims,17
QuentinM,2,1,sims,16
QuentinM,2,4,sims,15
QuentinM,2,3,sims,14
QuentinM,2,3,sims,13
QuentinM,2,4,sims,12
QuentinM,2,3,sims,11
QuentinM,2,0,sims,9
QuentinM,2,3,sims,8
QuentinM,2,2,sims,7
QuentinM,2,3,sims,6
QuentinM,2,1,sims,5
QuentinM,2,3,sims,4
QuentinM,2,1,sims,3
QuentinM,2,4,sims,2
QuentinM,2,9,tlx,6
QuentinM,2,7,tlx,5
QuentinM,2,19,tlx,4
QuentinM,2,9,tlx,3
QuentinM,2,2,tlx,2
QuentinM,2,4,tlx,1
QuentinM,2,6,jold,8
QuentinM,2,11,jold,2
QuentinM,2,10,jold,1
Louis,2,7,mslq,53
Louis,2,3,mslq,58
Louis,2,1,mslq,71
Louis,2,3,mslq,54
Louis,2,6,mslq,59
Louis,2,4,mslq,72
Louis,2,4,mslq,55
Louis,2,5,mslq,60
Louis,2,1,mslq,73
Louis,2,3,mslq,51
Louis,2,7,mslq,56
Louis,2,3,mslq,61
Louis,2,6,mslq,74
Louis,2,3,mslq,6
Louis,2,7,mslq,11
Louis,2,5,mslq,16
Louis,2,6,mslq,21
Louis,2,4,mslq,7
Louis,2,5,mslq,12
Louis,2,6,mslq,17
Louis,2,6,mslq,22
Louis,2,2,mslq,8
Louis,2,7,mslq,13
Louis,2,2,mslq,18
Louis,2,7,mslq,23
Louis,2,3,mslq,9
Louis,2,4,mslq,14
Louis,2,6,mslq,19
Louis,2,5,mslq,24
Louis,2,5,mslq,52
Louis,2,6,mslq,57
Louis,2,7,mslq,62
Louis,2,3,mslq,5
Louis,2,4,mslq,10
Louis,2,6,mslq,15
Louis,2,6,mslq,20
Louis,2,7,mslq,25
Louis,2,1,sims,18
Louis,2,0,sims,17
Louis,2,4,sims,16
Louis,2,5,sims,15
Louis,2,1,sims,14
Louis,2,2,sims,13
Louis,2,3,sims,12
Louis,2,4,sims,11
Louis,2,1,sims,9
Louis,2,2,sims,8
Louis,2,3,sims,7
Louis,2,5,sims,6
Louis,2,1,sims,5
Louis,2,2,sims,4
Louis,2,4,sims,3
Louis,2,4,sims,2
Louis,2,9,tlx,6
Louis,2,8,tlx,5
Louis,2,10,tlx,4
Louis,2,8,tlx,3
Louis,2,3,tlx,2
Louis,2,9,tlx,1
Louis,2,7,jold,8
Louis,2,10,jold,2
Louis,2,8,jold,1
TristanG,2,7,mslq,53
TristanG,2,1,mslq,58
TristanG,2,1,mslq,71
TristanG,2,4,mslq,54
TristanG,2,6,mslq,59
TristanG,2,5,mslq,72
TristanG,2,7,mslq,55
TristanG,2,6,mslq,60
TristanG,2,1,mslq,73
TristanG,2,2,mslq,51
TristanG,2,5,mslq,56
TristanG,2,6,mslq,61
TristanG,2,5,mslq,74
TristanG,2,3,mslq,6
TristanG,2,5,mslq,11
TristanG,2,5,mslq,16
TristanG,2,7,mslq,21
TristanG,2,1,mslq,7
TristanG,2,6,mslq,12
TristanG,2,6,mslq,17
TristanG,2,6,mslq,22
TristanG,2,1,mslq,8
TristanG,2,6,mslq,13
TristanG,2,5,mslq,18
TristanG,2,5,mslq,23
TristanG,2,7,mslq,9
TristanG,2,6,mslq,14
TristanG,2,6,mslq,19
TristanG,2,6,mslq,24
TristanG,2,6,mslq,52
TristanG,2,7,mslq,57
TristanG,2,5,mslq,62
TristanG,2,3,mslq,5
TristanG,2,5,mslq,10
TristanG,2,7,mslq,15
TristanG,2,7,mslq,20
TristanG,2,7,mslq,25
TristanG,2,0,sims,18
TristanG,2,0,sims,17
TristanG,2,5,sims,16
TristanG,2,6,sims,15
TristanG,2,0,sims,14
TristanG,2,3,sims,13
TristanG,2,6,sims,12
TristanG,2,6,sims,11
TristanG,2,0,sims,9
TristanG,2,5,sims,8
TristanG,2,4,sims,7
TristanG,2,5,sims,6
TristanG,2,0,sims,5
TristanG,2,0,sims,4
TristanG,2,4,sims,3
TristanG,2,6,sims,2
TristanG,2,6,tlx,6
TristanG,2,11,tlx,5
TristanG,2,10,tlx,4
TristanG,2,12,tlx,3
TristanG,2,13,tlx,2
TristanG,2,9,tlx,1
TristanG,2,5,jold,8
TristanG,2,8,jold,2
TristanG,2,7,jold,1
cpujol,1,6,mslq,6
cpujol,1,2,mslq,11
cpujol,1,6,mslq,16
cpujol,1,7,mslq,21
cpujol,1,4,mslq,7
cpujol,1,5,mslq,12
cpujol,1,7,mslq,17
cpujol,1,5,mslq,22
cpujol,1,5,mslq,8
cpujol,1,5,mslq,13
cpujol,1,5,mslq,18
cpujol,1,6,mslq,23
cpujol,1,3,mslq,9
cpujol,1,2,mslq,14
cpujol,1,5,mslq,19
cpujol,1,5,mslq,24
cpujol,1,6,mslq,5
cpujol,1,5,mslq,10
cpujol,1,7,mslq,15
cpujol,1,6,mslq,20
cpujol,1,6,mslq,25
cpujol,1,4,sims,18
cpujol,1,0,sims,17
cpujol,1,3,sims,16
cpujol,1,5,sims,15
cpujol,1,1,sims,14
cpujol,1,1,sims,13
cpujol,1,5,sims,12
cpujol,1,3,sims,11
cpujol,1,1,sims,9
cpujol,1,1,sims,8
cpujol,1,1,sims,7
cpujol,1,3,sims,6
cpujol,1,1,sims,5
cpujol,1,1,sims,4
cpujol,1,2,sims,3
cpujol,1,5,sims,2
cpujol,1,13,tlx,6
cpujol,1,14,tlx,5
cpujol,1,4,tlx,4
cpujol,1,15,tlx,3
cpujol,1,1,tlx,2
cpujol,1,14,tlx,1
cpujol,1,8,jold,8
cpujol,1,7,jold,1
QuentinM,1,6,mslq,6
QuentinM,1,3,mslq,11
QuentinM,1,5,mslq,16
QuentinM,1,6,mslq,21
QuentinM,1,6,mslq,7
QuentinM,1,3,mslq,12
QuentinM,1,5,mslq,17
QuentinM,1,3,mslq,22
QuentinM,1,6,mslq,8
QuentinM,1,5,mslq,13
QuentinM,1,5,mslq,18
QuentinM,1,5,mslq,23
QuentinM,1,3,mslq,9
QuentinM,1,5,mslq,14
QuentinM,1,5,mslq,19
QuentinM,1,5,mslq,24
QuentinM,1,5,mslq,5
QuentinM,1,4,mslq,10
QuentinM,1,6,mslq,15
QuentinM,1,3,mslq,20
QuentinM,1,6,mslq,25
QuentinM,1,1,sims,18
QuentinM,1,0,sims,17
QuentinM,1,1,sims,16
QuentinM,1,4,sims,15
QuentinM,1,2,sims,14
QuentinM,1,1,sims,13
QuentinM,1,5,sims,12
QuentinM,1,4,sims,11
QuentinM,1,0,sims,9
QuentinM,1,1,sims,8
QuentinM,1,1,sims,7
QuentinM,1,3,sims,6
QuentinM,1,1,sims,5
QuentinM,1,1,sims,4
QuentinM,1,0,sims,3
QuentinM,1,4,sims,2
QuentinM,1,14,tlx,6
QuentinM,1,13,tlx,5
QuentinM,1,8,tlx,4
QuentinM,1,14,tlx,3
QuentinM,1,4,tlx,2
QuentinM,1,7,tlx,1
QuentinM,1,9,jold,8
QuentinM,1,10,jold,1
SoufianG,2,3,mslq,53
SoufianG,2,2,mslq,58
SoufianG,2,2,mslq,71
SoufianG,2,1,mslq,54
SoufianG,2,6,mslq,59
SoufianG,2,4,mslq,72
SoufianG,2,7,mslq,55
SoufianG,2,2,mslq,60
SoufianG,2,2,mslq,73
SoufianG,2,5,mslq,51
SoufianG,2,4,mslq,56
SoufianG,2,6,mslq,61
SoufianG,2,6,mslq,74
SoufianG,2,6,mslq,6
SoufianG,2,7,mslq,11
SoufianG,2,7,mslq,16
SoufianG,2,7,mslq,21
SoufianG,2,7,mslq,7
SoufianG,2,5,mslq,12
SoufianG,2,7,mslq,17
SoufianG,2,7,mslq,22
SoufianG,2,7,mslq,8
SoufianG,2,6,mslq,13
SoufianG,2,7,mslq,18
SoufianG,2,7,mslq,23
SoufianG,2,5,mslq,9
SoufianG,2,4,mslq,14
SoufianG,2,7,mslq,19
SoufianG,2,7,mslq,24
SoufianG,2,2,mslq,52
SoufianG,2,6,mslq,57
SoufianG,2,2,mslq,62
SoufianG,2,6,mslq,5
SoufianG,2,4,mslq,10
SoufianG,2,7,mslq,15
SoufianG,2,6,mslq,20
SoufianG,2,7,mslq,25
SoufianG,2,1,sims,18
SoufianG,2,3,sims,17
SoufianG,2,3,sims,16
SoufianG,2,3,sims,15
SoufianG,2,3,sims,14
SoufianG,2,3,sims,13
SoufianG,2,3,sims,12
SoufianG,2,3,sims,11
SoufianG,2,1,sims,9
SoufianG,2,1,sims,8
SoufianG,2,1,sims,7
SoufianG,2,2,sims,6
SoufianG,2,5,sims,5
SoufianG,2,3,sims,4
SoufianG,2,1,sims,3
SoufianG,2,4,sims,2
SoufianG,2,3,tlx,6
SoufianG,2,13,tlx,5
SoufianG,2,15,tlx,4
SoufianG,2,13,tlx,3
SoufianG,2,4,tlx,2
SoufianG,2,16,tlx,1
SoufianG,2,10,jold,8
SoufianG,2,10,jold,2
SoufianG,2,9,jold,1
atalon,2,6,mslq,53
atalon,2,6,mslq,58
atalon,2,1,mslq,71
atalon,2,5,mslq,54
atalon,2,6,mslq,59
atalon,2,6,mslq,72
atalon,2,5,mslq,55
atalon,2,5,mslq,60
atalon,2,5,mslq,73
atalon,2,1,mslq,51
atalon,2,4,mslq,56
atalon,2,5,mslq,61
atalon,2,6,mslq,74
atalon,2,5,mslq,6
atalon,2,1,mslq,11
atalon,2,2,mslq,16
atalon,2,2,mslq,21
atalon,2,5,mslq,7
atalon,2,1,mslq,12
atalon,2,2,mslq,17
atalon,2,1,mslq,22
atalon,2,5,mslq,8
atalon,2,1,mslq,13
atalon,2,2,mslq,18
atalon,2,1,mslq,23
atalon,2,1,mslq,9
atalon,2,2,mslq,14
atalon,2,1,mslq,19
atalon,2,2,mslq,24
atalon,2,5,mslq,52
atalon,2,6,mslq,57
atalon,2,6,mslq,62
atalon,2,5,mslq,5
atalon,2,2,mslq,10
atalon,2,2,mslq,15
atalon,2,1,mslq,20
atalon,2,1,mslq,25
atalon,2,5,sims,18
atalon,2,1,sims,17
atalon,2,0,sims,16
atalon,2,0,sims,15
atalon,2,5,sims,14
atalon,2,5,sims,13
atalon,2,0,sims,12
atalon,2,1,sims,11
atalon,2,5,sims,9
atalon,2,5,sims,8
atalon,2,0,sims,7
atalon,2,0,sims,6
atalon,2,5,sims,5
atalon,2,6,sims,4
atalon,2,0,sims,3
atalon,2,1,sims,2
atalon,2,18,tlx,6
atalon,2,17,tlx,5
atalon,2,4,tlx,4
atalon,2,3,tlx,3
atalon,2,2,tlx,2
atalon,2,13,tlx,1
atalon,2,7,jold,8
atalon,2,8,jold,2
atalon,2,7,jold,1
mleclair,2,1,mslq,53
mleclair,2,1,mslq,58
mleclair,2,1,mslq,71
mleclair,2,2,mslq,54
mleclair,2,2,mslq,59
mleclair,2,1,mslq,72
mleclair,2,7,mslq,55
mleclair,2,5,mslq,60
mleclair,2,1,mslq,73
mleclair,2,2,mslq,51
mleclair,2,5,mslq,56
mleclair,2,2,mslq,61
mleclair,2,1,mslq,74
mleclair,2,2,mslq,6
mleclair,2,7,mslq,11
mleclair,2,1,mslq,16
mleclair,2,7,mslq,21
mleclair,2,3,mslq,7
mleclair,2,6,mslq,12
mleclair,2,6,mslq,17
mleclair,2,5,mslq,22
mleclair,2,5,mslq,8
mleclair,2,7,mslq,13
mleclair,2,2,mslq,18
mleclair,2,5,mslq,23
mleclair,2,5,mslq,9
mleclair,2,6,mslq,14
mleclair,2,5,mslq,19
mleclair,2,5,mslq,24
mleclair,2,5,mslq,52
mleclair,2,5,mslq,57
mleclair,2,5,mslq,62
mleclair,2,2,mslq,5
mleclair,2,6,mslq,10
mleclair,2,7,mslq,15
mleclair,2,6,mslq,20
mleclair,2,7,mslq,25
mleclair,2,0,sims,18
mleclair,2,0,sims,17
mleclair,2,5,sims,16
mleclair,2,5,sims,15
mleclair,2,0,sims,14
mleclair,2,2,sims,13
mleclair,2,5,sims,12
mleclair,2,6,sims,11
mleclair,2,0,sims,9
mleclair,2,2,sims,8
mleclair,2,4,sims,7
mleclair,2,5,sims,6
mleclair,2,0,sims,5
mleclair,2,2,sims,4
mleclair,2,5,sims,3
mleclair,2,5,sims,2
mleclair,2,3,tlx,6
mleclair,2,13,tlx,5
mleclair,2,14,tlx,4
mleclair,2,7,tlx,3
mleclair,2,1,tlx,2
mleclair,2,9,tlx,1
mleclair,2,7,jold,8
mleclair,2,11,jold,2
mleclair,2,7,jold,1
cecilepierrot,2,1,mslq,53
cecilepierrot,2,1,mslq,58
cecilepierrot,2,3,mslq,71
cecilepierrot,2,3,mslq,54
cecilepierrot,2,3,mslq,59
cecilepierrot,2,5,mslq,72
cecilepierrot,2,7,mslq,55
cecilepierrot,2,3,mslq,60
cecilepierrot,2,1,mslq,73
cecilepierrot,2,1,mslq,51
cecilepierrot,2,1,mslq,56
cecilepierrot,2,5,mslq,61
cecilepierrot,2,7,mslq,74
cecilepierrot,2,1,mslq,6
cecilepierrot,2,1,mslq,11
cecilepierrot,2,4,mslq,16
cecilepierrot,2,3,mslq,21
cecilepierrot,2,1,mslq,7
cecilepierrot,2,4,mslq,12
cecilepierrot,2,5,mslq,17
cecilepierrot,2,2,mslq,22
cecilepierrot,2,1,mslq,8
cecilepierrot,2,1,mslq,13
cecilepierrot,2,5,mslq,18
cecilepierrot,2,2,mslq,23
cecilepierrot,2,5,mslq,9
cecilepierrot,2,1,mslq,14
cecilepierrot,2,1,mslq,19
cecilepierrot,2,1,mslq,24
cecilepierrot,2,5,mslq,52
cecilepierrot,2,3,mslq,57
cecilepierrot,2,6,mslq,62
cecilepierrot,2,1,mslq,5
cecilepierrot,2,3,mslq,10
cecilepierrot,2,4,mslq,15
cecilepierrot,2,1,mslq,20
cecilepierrot,2,2,mslq,25
cecilepierrot,2,0,sims,18
cecilepierrot,2,0,sims,17
cecilepierrot,2,2,sims,16
cecilepierrot,2,3,sims,15
cecilepierrot,2,0,sims,14
cecilepierrot,2,4,sims,13
cecilepierrot,2,1,sims,12
cecilepierrot,2,2,sims,11
cecilepierrot,2,0,sims,9
cecilepierrot,2,0,sims,8
cecilepierrot,2,1,sims,7
cecilepierrot,2,0,sims,6
cecilepierrot,2,0,sims,5
cecilepierrot,2,4,sims,4
cecilepierrot,2,1,sims,3
cecilepierrot,2,4,sims,2
cecilepierrot,2,15,tlx,6
cecilepierrot,2,13,tlx,5
cecilepierrot,2,2,tlx,4
cecilepierrot,2,14,tlx,3
cecilepierrot,2,3,tlx,2
cecilepierrot,2,12,tlx,1
cecilepierrot,2,7,jold,8
cecilepierrot,2,8,jold,2
cecilepierrot,2,7,jold,1
Nao,2,5,mslq,53
Nao,2,3,mslq,58
Nao,2,1,mslq,71
Nao,2,4,mslq,54
Nao,2,5,mslq,59
Nao,2,6,mslq,72
Nao,2,6,mslq,55
Nao,2,5,mslq,60
Nao,2,1,mslq,73
Nao,2,2,mslq,51
Nao,2,5,mslq,56
Nao,2,4,mslq,61
Nao,2,6,mslq,74
Nao,2,2,mslq,6
Nao,2,2,mslq,11
Nao,2,7,mslq,16
Nao,2,3,mslq,21
Nao,2,2,mslq,7
Nao,2,3,mslq,12
Nao,2,7,mslq,17
Nao,2,1,mslq,22
Nao,2,1,mslq,8
Nao,2,2,mslq,13
Nao,2,7,mslq,18
Nao,2,3,mslq,23
Nao,2,4,mslq,9
Nao,2,6,mslq,14
Nao,2,1,mslq,19
Nao,2,5,mslq,24
Nao,2,5,mslq,52
Nao,2,5,mslq,57
Nao,2,5,mslq,62
Nao,2,1,mslq,5
Nao,2,2,mslq,10
Nao,2,7,mslq,15
Nao,2,1,mslq,20
Nao,2,3,mslq,25
Nao,2,0,sims,18
Nao,2,0,sims,17
Nao,2,1,sims,16
Nao,2,1,sims,15
Nao,2,0,sims,14
Nao,2,0,sims,13
Nao,2,4,sims,12
Nao,2,2,sims,11
Nao,2,0,sims,9
Nao,2,0,sims,8
Nao,2,0,sims,7
Nao,2,2,sims,6
Nao,2,0,sims,5
Nao,2,0,sims,4
Nao,2,0,sims,3
Nao,2,1,sims,2
Nao,2,11,tlx,6
Nao,2,6,tlx,5
Nao,2,1,tlx,4
Nao,2,15,tlx,3
Nao,2,2,tlx,2
Nao,2,13,tlx,1
Nao,2,4,jold,8
Nao,2,9,jold,2
Nao,2,7,jold,1
atalon,1,4,mslq,6
atalon,1,1,mslq,11
atalon,1,2,mslq,16
atalon,1,3,mslq,21
atalon,1,5,mslq,7
atalon,1,1,mslq,12
atalon,1,3,mslq,17
atalon,1,2,mslq,22
atalon,1,5,mslq,8
atalon,1,2,mslq,13
atalon,1,2,mslq,18
atalon,1,2,mslq,23
atalon,1,1,mslq,9
atalon,1,5,mslq,14
atalon,1,2,mslq,19
atalon,1,3,mslq,24
atalon,1,3,mslq,5
atalon,1,1,mslq,10
atalon,1,4,mslq,15
atalon,1,2,mslq,20
atalon,1,2,mslq,25
atalon,1,4,sims,18
atalon,1,0,sims,17
atalon,1,0,sims,16
atalon,1,1,sims,15
atalon,1,5,sims,14
atalon,1,5,sims,13
atalon,1,1,sims,12
atalon,1,0,sims,11
atalon,1,3,sims,9
atalon,1,4,sims,8
atalon,1,0,sims,7
atalon,1,1,sims,6
atalon,1,6,sims,5
atalon,1,5,sims,4
atalon,1,0,sims,3
atalon,1,1,sims,2
atalon,1,16,tlx,6
atalon,1,15,tlx,5
atalon,1,7,tlx,4
atalon,1,4,tlx,3
atalon,1,1,tlx,2
atalon,1,4,tlx,1
atalon,1,8,jold,8
atalon,1,8,jold,1
Louis,1,3,mslq,6
Louis,1,7,mslq,11
Louis,1,5,mslq,16
Louis,1,7,mslq,21
Louis,1,5,mslq,7
Louis,1,4,mslq,12
Louis,1,5,mslq,17
Louis,1,6,mslq,22
Louis,1,5,mslq,8
Louis,1,7,mslq,13
Louis,1,4,mslq,18
Louis,1,6,mslq,23
Louis,1,3,mslq,9
Louis,1,4,mslq,14
Louis,1,5,mslq,19
Louis,1,7,mslq,24
Louis,1,5,mslq,5
Louis,1,7,mslq,10
Louis,1,7,mslq,15
Louis,1,5,mslq,20
Louis,1,6,mslq,25
Louis,1,1,sims,18
Louis,1,0,sims,17
Louis,1,3,sims,16
Louis,1,4,sims,15
Louis,1,1,sims,14
Louis,1,1,sims,13
Louis,1,3,sims,12
Louis,1,5,sims,11
Louis,1,1,sims,9
Louis,1,3,sims,8
Louis,1,3,sims,7
Louis,1,4,sims,6
Louis,1,0,sims,5
Louis,1,1,sims,4
Louis,1,3,sims,3
Louis,1,4,sims,2
Louis,1,7,tlx,6
Louis,1,14,tlx,5
Louis,1,10,tlx,4
Louis,1,9,tlx,3
Louis,1,4,tlx,2
Louis,1,11,tlx,1
Louis,1,10,jold,8
Louis,1,7,jold,1
mleclair,1,1,mslq,6
mleclair,1,6,mslq,11
mleclair,1,1,mslq,16
mleclair,1,7,mslq,21
mleclair,1,1,mslq,7
mleclair,1,5,mslq,12
mleclair,1,6,mslq,17
mleclair,1,5,mslq,22
mleclair,1,3,mslq,8
mleclair,1,6,mslq,13
mleclair,1,7,mslq,18
mleclair,1,5,mslq,23
mleclair,1,2,mslq,9
mleclair,1,3,mslq,14
mleclair,1,5,mslq,19
mleclair,1,5,mslq,24
mleclair,1,1,mslq,5
mleclair,1,6,mslq,10
mleclair,1,6,mslq,15
mleclair,1,5,mslq,20
mleclair,1,7,mslq,25
mleclair,1,0,sims,18
mleclair,1,0,sims,17
mleclair,1,4,sims,16
mleclair,1,4,sims,15
mleclair,1,0,sims,14
mleclair,1,1,sims,13
mleclair,1,5,sims,12
mleclair,1,6,sims,11
mleclair,1,0,sims,9
mleclair,1,1,sims,8
mleclair,1,1,sims,7
mleclair,1,4,sims,6
mleclair,1,0,sims,5
mleclair,1,2,sims,4
mleclair,1,4,sims,3
mleclair,1,4,sims,2
mleclair,1,15,tlx,6
mleclair,1,7,tlx,5
mleclair,1,5,tlx,4
mleclair,1,14,tlx,3
mleclair,1,3,tlx,2
mleclair,1,14,tlx,1
mleclair,1,4,jold,8
mleclair,1,8,jold,1
SoufianG,1,7,mslq,6
SoufianG,1,6,mslq,11
SoufianG,1,7,mslq,16
SoufianG,1,7,mslq,21
SoufianG,1,7,mslq,7
SoufianG,1,2,mslq,12
SoufianG,1,6,mslq,17
SoufianG,1,6,mslq,22
SoufianG,1,7,mslq,8
SoufianG,1,6,mslq,13
SoufianG,1,2,mslq,18
SoufianG,1,6,mslq,23
SoufianG,1,3,mslq,9
SoufianG,1,2,mslq,14
SoufianG,1,7,mslq,19
SoufianG,1,6,mslq,24
SoufianG,1,5,mslq,5
SoufianG,1,2,mslq,10
SoufianG,1,6,mslq,15
SoufianG,1,5,mslq,20
SoufianG,1,7,mslq,25
SoufianG,1,2,sims,18
SoufianG,1,0,sims,17
SoufianG,1,3,sims,16
SoufianG,1,4,sims,15
SoufianG,1,1,sims,14
SoufianG,1,1,sims,13
SoufianG,1,1,sims,12
SoufianG,1,1,sims,11
SoufianG,1,3,sims,9
SoufianG,1,0,sims,8
SoufianG,1,1,sims,7
SoufianG,1,1,sims,6
SoufianG,1,2,sims,5
SoufianG,1,0,sims,4
SoufianG,1,2,sims,3
SoufianG,1,2,sims,2
SoufianG,1,3,tlx,6
SoufianG,1,15,tlx,5
SoufianG,1,4,tlx,4
SoufianG,1,11,tlx,3
SoufianG,1,3,tlx,2
SoufianG,1,11,tlx,1
SoufianG,1,10,jold,8
SoufianG,1,8,jold,1
TristanG,1,5,mslq,6
TristanG,1,6,mslq,11
TristanG,1,6,mslq,16
TristanG,1,7,mslq,21
TristanG,1,1,mslq,7
TristanG,1,7,mslq,12
TristanG,1,7,mslq,17
TristanG,1,5,mslq,22
TristanG,1,1,mslq,8
TristanG,1,7,mslq,13
TristanG,1,7,mslq,18
TristanG,1,6,mslq,23
TristanG,1,7,mslq,9
TristanG,1,7,mslq,14
TristanG,1,6,mslq,19
TristanG,1,6,mslq,24
TristanG,1,5,mslq,5
TristanG,1,5,mslq,10
TristanG,1,7,mslq,15
TristanG,1,7,mslq,20
TristanG,1,6,mslq,25
TristanG,1,0,sims,18
TristanG,1,0,sims,17
TristanG,1,4,sims,16
TristanG,1,5,sims,15
TristanG,1,0,sims,14
TristanG,1,3,sims,13
TristanG,1,5,sims,12
TristanG,1,5,sims,11
TristanG,1,0,sims,9
TristanG,1,5,sims,8
TristanG,1,3,sims,7
TristanG,1,5,sims,6
TristanG,1,0,sims,5
TristanG,1,0,sims,4
TristanG,1,0,sims,3
TristanG,1,6,sims,2
TristanG,1,16,tlx,6
TristanG,1,12,tlx,5
TristanG,1,9,tlx,4
TristanG,1,14,tlx,3
TristanG,1,15,tlx,2
TristanG,1,14,tlx,1
TristanG,1,8,jold,8
TristanG,1,10,jold,1
cpeyratv,1,5,mslq,6
cpeyratv,1,5,mslq,11
cpeyratv,1,4,mslq,16
cpeyratv,1,4,mslq,21
cpeyratv,1,5,mslq,7
cpeyratv,1,3,mslq,12
cpeyratv,1,3,mslq,17
cpeyratv,1,3,mslq,22
cpeyratv,1,5,mslq,8
cpeyratv,1,5,mslq,13
cpeyratv,1,3,mslq,18
cpeyratv,1,3,mslq,23
cpeyratv,1,3,mslq,9
cpeyratv,1,4,mslq,14
cpeyratv,1,1,mslq,19
cpeyratv,1,3,mslq,24
cpeyratv,1,5,mslq,5
cpeyratv,1,4,mslq,10
cpeyratv,1,4,mslq,15
cpeyratv,1,3,mslq,20
cpeyratv,1,3,mslq,25
cpeyratv,1,3,sims,18
cpeyratv,1,1,sims,17
cpeyratv,1,1,sims,16
cpeyratv,1,3,sims,15
cpeyratv,1,2,sims,14
cpeyratv,1,2,sims,13
cpeyratv,1,2,sims,12
cpeyratv,1,2,sims,11
cpeyratv,1,4,sims,9
cpeyratv,1,2,sims,8
cpeyratv,1,1,sims,7
cpeyratv,1,1,sims,6
cpeyratv,1,3,sims,5
cpeyratv,1,2,sims,4
cpeyratv,1,1,sims,3
cpeyratv,1,4,sims,2
cpeyratv,1,15,tlx,6
cpeyratv,1,18,tlx,5
cpeyratv,1,1,tlx,4
cpeyratv,1,11,tlx,3
cpeyratv,1,12,tlx,2
cpeyratv,1,12,tlx,1
cpeyratv,1,5,jold,8
cpeyratv,1,7,jold,1
Nao,1,4,mslq,6
Nao,1,3,mslq,11
Nao,1,7,mslq,16
Nao,1,5,mslq,21
Nao,1,3,mslq,7
Nao,1,3,mslq,12
Nao,1,5,mslq,17
Nao,1,2,mslq,22
Nao,1,1,mslq,8
Nao,1,4,mslq,13
Nao,1,6,mslq,18
Nao,1,3,mslq,23
Nao,1,4,mslq,9
Nao,1,5,mslq,14
Nao,1,3,mslq,19
Nao,1,5,mslq,24
Nao,1,1,mslq,5
Nao,1,2,mslq,10
Nao,1,5,mslq,15
Nao,1,1,mslq,20
Nao,1,2,mslq,25
Nao,1,1,sims,18
Nao,1,0,sims,17
Nao,1,1,sims,16
Nao,1,2,sims,15
Nao,1,3,sims,14
Nao,1,1,sims,13
Nao,1,4,sims,12
Nao,1,3,sims,11
Nao,1,1,sims,9
Nao,1,0,sims,8
Nao,1,1,sims,7
Nao,1,1,sims,6
Nao,1,1,sims,5
Nao,1,0,sims,4
Nao,1,0,sims,3
Nao,1,2,sims,2
Nao,1,13,tlx,6
Nao,1,9,tlx,5
Nao,1,1,tlx,4
Nao,1,18,tlx,3
Nao,1,3,tlx,2
Nao,1,13,tlx,1
Nao,1,3,jold,8
Nao,1,7,jold,1
Amaury,1,4,mslq,6
Amaury,1,4,mslq,11
Amaury,1,4,mslq,16
Amaury,1,5,mslq,21
Amaury,1,5,mslq,7
Amaury,1,4,mslq,12
Amaury,1,5,mslq,17
Amaury,1,5,mslq,22
Amaury,1,4,mslq,8
Amaury,1,4,mslq,13
Amaury,1,4,mslq,18
Amaury,1,5,mslq,23
Amaury,1,4,mslq,9
Amaury,1,6,mslq,14
Amaury,1,4,mslq,19
Amaury,1,5,mslq,24
Amaury,1,4,mslq,5
Amaury,1,4,mslq,10
Amaury,1,7,mslq,15
Amaury,1,6,mslq,20
Amaury,1,6,mslq,25
Amaury,1,0,sims,18
Amaury,1,0,sims,17
Amaury,1,0,sims,16
Amaury,1,3,sims,15
Amaury,1,0,sims,14
Amaury,1,0,sims,13
Amaury,1,4,sims,12
Amaury,1,4,sims,11
Amaury,1,2,sims,9
Amaury,1,0,sims,8
Amaury,1,0,sims,7
Amaury,1,3,sims,6
Amaury,1,0,sims,5
Amaury,1,3,sims,4
Amaury,1,0,sims,3
Amaury,1,4,sims,2
Amaury,1,12,tlx,6
Amaury,1,11,tlx,5
Amaury,1,9,tlx,4
Amaury,1,12,tlx,3
Amaury,1,13,tlx,2
Amaury,1,13,tlx,1
Amaury,1,9,jold,8
Amaury,1,8,jold,1
valentin-d-richard,1,5,mslq,6
valentin-d-richard,1,1,mslq,11
valentin-d-richard,1,2,mslq,16
valentin-d-richard,1,5,mslq,21
valentin-d-richard,1,1,mslq,7
valentin-d-richard,1,2,mslq,12
valentin-d-richard,1,5,mslq,17
valentin-d-richard,1,1,mslq,22
valentin-d-richard,1,1,mslq,8
valentin-d-richard,1,1,mslq,13
valentin-d-richard,1,4,mslq,18
valentin-d-richard,1,4,mslq,23
valentin-d-richard,1,2,mslq,9
valentin-d-richard,1,5,mslq,14
valentin-d-richard,1,4,mslq,19
valentin-d-richard,1,6,mslq,24
valentin-d-richard,1,4,mslq,5
valentin-d-richard,1,1,mslq,10
valentin-d-richard,1,6,mslq,15
valentin-d-richard,1,2,mslq,20
valentin-d-richard,1,5,mslq,25
valentin-d-richard,1,5,sims,18
valentin-d-richard,1,4,sims,17
valentin-d-richard,1,0,sims,16
valentin-d-richard,1,1,sims,15
valentin-d-richard,1,3,sims,14
valentin-d-richard,1,4,sims,13
valentin-d-richard,1,1,sims,12
valentin-d-richard,1,3,sims,11
valentin-d-richard,1,1,sims,9
valentin-d-richard,1,4,sims,8
valentin-d-richard,1,0,sims,7
valentin-d-richard,1,0,sims,6
valentin-d-richard,1,2,sims,5
valentin-d-richard,1,4,sims,4
valentin-d-richard,1,1,sims,3
valentin-d-richard,1,3,sims,2
valentin-d-richard,1,19,tlx,6
valentin-d-richard,1,17,tlx,5
valentin-d-richard,1,1,tlx,4
valentin-d-richard,1,11,tlx,3
valentin-d-richard,1,5,tlx,2
valentin-d-richard,1,15,tlx,1
valentin-d-richard,1,8,jold,8
valentin-d-richard,1,9,jold,1
cecilepierrot,1,5,mslq,6
cecilepierrot,1,1,mslq,11
cecilepierrot,1,4,mslq,16
cecilepierrot,1,3,mslq,21
cecilepierrot,1,1,mslq,7
cecilepierrot,1,3,mslq,12
cecilepierrot,1,3,mslq,17
cecilepierrot,1,1,mslq,22
cecilepierrot,1,1,mslq,8
cecilepierrot,1,1,mslq,13
cecilepierrot,1,3,mslq,18
cecilepierrot,1,2,mslq,23
cecilepierrot,1,6,mslq,9
cecilepierrot,1,1,mslq,14
cecilepierrot,1,1,mslq,19
cecilepierrot,1,4,mslq,24
cecilepierrot,1,1,mslq,5
cecilepierrot,1,2,mslq,10
cecilepierrot,1,3,mslq,15
cecilepierrot,1,2,mslq,20
cecilepierrot,1,2,mslq,25
cecilepierrot,1,0,sims,18
cecilepierrot,1,0,sims,17
cecilepierrot,1,2,sims,16
cecilepierrot,1,2,sims,15
cecilepierrot,1,0,sims,14
cecilepierrot,1,0,sims,13
cecilepierrot,1,2,sims,12
cecilepierrot,1,1,sims,11
cecilepierrot,1,3,sims,9
cecilepierrot,1,0,sims,8
cecilepierrot,1,1,sims,7
cecilepierrot,1,0,sims,6
cecilepierrot,1,1,sims,5
cecilepierrot,1,4,sims,4
cecilepierrot,1,0,sims,3
cecilepierrot,1,3,sims,2
cecilepierrot,1,15,tlx,6
cecilepierrot,1,15,tlx,5
cecilepierrot,1,2,tlx,4
cecilepierrot,1,14,tlx,3
cecilepierrot,1,3,tlx,2
cecilepierrot,1,11,tlx,1
cecilepierrot,1,6,jold,8
cecilepierrot,1,7,jold,1
vrios,1,2,mslq,6
vrios,1,3,mslq,11
vrios,1,6,mslq,16
vrios,1,5,mslq,21
vrios,1,1,mslq,7
vrios,1,1,mslq,12
vrios,1,6,mslq,17
vrios,1,1,mslq,22
vrios,1,1,mslq,8
vrios,1,5,mslq,13
vrios,1,7,mslq,18
vrios,1,6,mslq,23
vrios,1,5,mslq,9
vrios,1,7,mslq,14
vrios,1,4,mslq,19
vrios,1,5,mslq,24
vrios,1,3,mslq,5
vrios,1,3,mslq,10
vrios,1,6,mslq,15
vrios,1,1,mslq,20
vrios,1,4,mslq,25
vrios,1,0,sims,18
vrios,1,0,sims,17
vrios,1,0,sims,16
vrios,1,2,sims,15
vrios,1,3,sims,14
vrios,1,4,sims,13
vrios,1,4,sims,12
vrios,1,4,sims,11
vrios,1,0,sims,9
vrios,1,5,sims,8
vrios,1,0,sims,7
vrios,1,1,sims,6
vrios,1,0,sims,5
vrios,1,0,sims,4
vrios,1,0,sims,3
vrios,1,4,sims,2
borzoi,1,2,mslq,6
borzoi,1,1,mslq,11
borzoi,1,3,mslq,16
borzoi,1,3,mslq,21
vrios,1,13,tlx,6
vrios,1,14,tlx,5
vrios,1,1,tlx,4
vrios,1,11,tlx,3
vrios,1,3,tlx,2
vrios,1,15,tlx,1
borzoi,1,6,mslq,7
borzoi,1,3,mslq,12
borzoi,1,3,mslq,17
borzoi,1,1,mslq,22
borzoi,1,2,mslq,8
borzoi,1,1,mslq,13
borzoi,1,3,mslq,18
borzoi,1,2,mslq,23
vrios,1,8,jold,8
vrios,1,4,jold,1
borzoi,1,3,mslq,9
borzoi,1,5,mslq,14
borzoi,1,1,mslq,19
borzoi,1,1,mslq,24
borzoi,1,2,mslq,5
borzoi,1,5,mslq,10
borzoi,1,3,mslq,15
borzoi,1,1,mslq,20
borzoi,1,3,mslq,25
borzoi,1,3,sims,18
borzoi,1,2,sims,17
borzoi,1,2,sims,16
borzoi,1,0,sims,15
borzoi,1,3,sims,14
borzoi,1,4,sims,13
borzoi,1,0,sims,12
borzoi,1,1,sims,11
borzoi,1,4,sims,9
borzoi,1,5,sims,8
borzoi,1,2,sims,7
borzoi,1,0,sims,6
borzoi,1,1,sims,5
borzoi,1,5,sims,4
borzoi,1,2,sims,3
borzoi,1,1,sims,2
borzoi,1,20,tlx,6
borzoi,1,17,tlx,5
borzoi,1,1,tlx,4
borzoi,1,13,tlx,3
borzoi,1,14,tlx,2
borzoi,1,18,tlx,1
borzoi,1,7,jold,8
borzoi,1,7,jold,1
Funibus,2,4,mslq,53
Funibus,2,2,mslq,58
Funibus,2,2,mslq,71
Funibus,2,3,mslq,54
Funibus,2,3,mslq,59
Funibus,2,6,mslq,72
Funibus,2,7,mslq,55
Funibus,2,4,mslq,60
Funibus,2,5,mslq,73
Funibus,2,3,mslq,51
Funibus,2,4,mslq,56
Funibus,2,3,mslq,61
Funibus,2,6,mslq,74
Funibus,2,3,mslq,6
Funibus,2,1,mslq,11
Funibus,2,1,mslq,16
Funibus,2,5,mslq,21
Funibus,2,1,mslq,7
Funibus,2,1,mslq,12
Funibus,2,4,mslq,17
Funibus,2,3,mslq,22
Funibus,2,3,mslq,8
Funibus,2,2,mslq,13
Funibus,2,2,mslq,18
Funibus,2,3,mslq,23
Funibus,2,1,mslq,9
Funibus,2,1,mslq,14
Funibus,2,3,mslq,19
Funibus,2,3,mslq,24
Funibus,2,2,mslq,52
Funibus,2,3,mslq,57
Funibus,2,5,mslq,62
Funibus,2,3,mslq,5
Funibus,2,2,mslq,10
Funibus,2,4,mslq,15
Funibus,2,3,mslq,20
Funibus,2,4,mslq,25
Funibus,2,3,sims,18
Funibus,2,4,sims,17
Funibus,2,0,sims,16
Funibus,2,2,sims,15
Funibus,2,3,sims,14
Funibus,2,6,sims,13
Funibus,2,2,sims,12
Funibus,2,2,sims,11
Funibus,2,4,sims,9
Funibus,2,6,sims,8
Funibus,2,0,sims,7
Funibus,2,0,sims,6
Funibus,2,4,sims,5
Funibus,2,6,sims,4
Funibus,2,0,sims,3
Funibus,2,2,sims,2
Funibus,2,16,tlx,6
Funibus,2,16,tlx,5
Funibus,2,9,tlx,4
Funibus,2,12,tlx,3
Funibus,2,14,tlx,2
Funibus,2,12,tlx,1
Funibus,2,7,jold,8
Funibus,2,10,jold,2
Funibus,2,8,jold,1
GMFlash,1,1,mslq,6
GMFlash,1,1,mslq,11
GMFlash,1,3,mslq,16
GMFlash,1,2,mslq,21
GMFlash,1,1,mslq,7
GMFlash,1,1,mslq,12
GMFlash,1,3,mslq,17
GMFlash,1,2,mslq,22
GMFlash,1,1,mslq,8
GMFlash,1,2,mslq,13
GMFlash,1,1,mslq,18
GMFlash,1,2,mslq,23
GMFlash,1,2,mslq,9
GMFlash,1,3,mslq,14
GMFlash,1,2,mslq,19
GMFlash,1,2,mslq,24
GMFlash,1,2,mslq,5
GMFlash,1,1,mslq,10
GMFlash,1,3,mslq,15
GMFlash,1,2,mslq,20
GMFlash,1,3,mslq,25
GMFlash,1,3,sims,18
GMFlash,1,0,sims,17
GMFlash,1,0,sims,16
GMFlash,1,1,sims,15
GMFlash,1,3,sims,14
GMFlash,1,6,sims,13
GMFlash,1,1,sims,12
GMFlash,1,0,sims,11
GMFlash,1,2,sims,9
GMFlash,1,6,sims,8
GMFlash,1,0,sims,7
GMFlash,1,0,sims,6
GMFlash,1,0,sims,5
GMFlash,1,6,sims,4
GMFlash,1,1,sims,3
GMFlash,1,1,sims,2
GMFlash,1,18,tlx,6
GMFlash,1,14,tlx,5
GMFlash,1,2,tlx,4
GMFlash,1,15,tlx,3
GMFlash,1,13,tlx,2
GMFlash,1,15,tlx,1
GMFlash,1,7,jold,8
GMFlash,1,8,jold,1
hlecomte,1,4,mslq,6
hlecomte,1,1,mslq,11
hlecomte,1,3,mslq,16
hlecomte,1,7,mslq,21
hlecomte,1,5,mslq,7
hlecomte,1,1,mslq,12
hlecomte,1,5,mslq,17
hlecomte,1,1,mslq,22
hlecomte,1,1,mslq,8
hlecomte,1,1,mslq,13
hlecomte,1,5,mslq,18
hlecomte,1,2,mslq,23
hlecomte,1,3,mslq,9
hlecomte,1,7,mslq,14
hlecomte,1,5,mslq,19
hlecomte,1,5,mslq,24
hlecomte,1,1,mslq,5
hlecomte,1,1,mslq,10
hlecomte,1,5,mslq,15
hlecomte,1,4,mslq,20
hlecomte,1,6,mslq,25
hlecomte,1,6,sims,18
hlecomte,1,0,sims,17
hlecomte,1,0,sims,16
hlecomte,1,1,sims,15
hlecomte,1,5,sims,14
hlecomte,1,0,sims,13
hlecomte,1,0,sims,12
hlecomte,1,0,sims,11
hlecomte,1,6,sims,9
hlecomte,1,2,sims,8
hlecomte,1,0,sims,7
hlecomte,1,0,sims,6
hlecomte,1,2,sims,5
hlecomte,1,0,sims,4
hlecomte,1,0,sims,3
hlecomte,1,2,sims,2
hlecomte,1,8,tlx,6
hlecomte,1,13,tlx,5
hlecomte,1,13,tlx,4
hlecomte,1,14,tlx,3
hlecomte,1,5,tlx,2
hlecomte,1,9,tlx,1
hlecomte,1,8,jold,8
hlecomte,1,8,jold,1
nkhelouf,1,2,mslq,6
nkhelouf,1,6,mslq,11
nkhelouf,1,6,mslq,16
nkhelouf,1,6,mslq,21
nkhelouf,1,2,mslq,7
nkhelouf,1,2,mslq,12
nkhelouf,1,5,mslq,17
nkhelouf,1,2,mslq,22
nkhelouf,1,1,mslq,8
nkhelouf,1,7,mslq,13
nkhelouf,1,7,mslq,18
nkhelouf,1,7,mslq,23
nkhelouf,1,1,mslq,9
nkhelouf,1,7,mslq,14
nkhelouf,1,6,mslq,19
nkhelouf,1,7,mslq,24
nkhelouf,1,3,mslq,5
nkhelouf,1,3,mslq,10
nkhelouf,1,6,mslq,15
nkhelouf,1,3,mslq,20
nkhelouf,1,6,mslq,25
nkhelouf,1,0,sims,18
nkhelouf,1,1,sims,17
nkhelouf,1,4,sims,16
nkhelouf,1,4,sims,15
nkhelouf,1,1,sims,14
nkhelouf,1,5,sims,13
nkhelouf,1,5,sims,12
nkhelouf,1,5,sims,11
nkhelouf,1,1,sims,9
nkhelouf,1,4,sims,8
nkhelouf,1,3,sims,7
nkhelouf,1,4,sims,6
nkhelouf,1,2,sims,5
nkhelouf,1,3,sims,4
nkhelouf,1,3,sims,3
nkhelouf,1,4,sims,2
nkhelouf,1,2,tlx,6
nkhelouf,1,18,tlx,5
nkhelouf,1,2,tlx,4
nkhelouf,1,16,tlx,3
nkhelouf,1,8,tlx,2
nkhelouf,1,15,tlx,1
nkhelouf,1,8,jold,8
nkhelouf,1,7,jold,1
Romain,1,6,mslq,6
Romain,1,6,mslq,11
Romain,1,7,mslq,16
Romain,1,5,mslq,21
Romain,1,7,mslq,7
Romain,1,1,mslq,12
Romain,1,5,mslq,17
Romain,1,5,mslq,22
Romain,1,6,mslq,8
Romain,1,5,mslq,13
Romain,1,2,mslq,18
Romain,1,6,mslq,23
Romain,1,3,mslq,9
Romain,1,3,mslq,14
Romain,1,7,mslq,19
Romain,1,7,mslq,24
Romain,1,5,mslq,5
Romain,1,1,mslq,10
Romain,1,7,mslq,15
Romain,1,7,mslq,20
Romain,1,7,mslq,25
Romain,1,0,sims,18
Romain,1,0,sims,17
Romain,1,0,sims,16
Romain,1,5,sims,15
Romain,1,0,sims,14
Romain,1,0,sims,13
Romain,1,5,sims,12
Romain,1,5,sims,11
Romain,1,1,sims,9
Romain,1,0,sims,8
Romain,1,0,sims,7
Romain,1,3,sims,6
Romain,1,3,sims,5
Romain,1,0,sims,4
Romain,1,0,sims,3
Romain,1,5,sims,2
Romain,1,2,tlx,6
Romain,1,17,tlx,5
Romain,1,6,tlx,4
Romain,1,14,tlx,3
Romain,1,3,tlx,2
Romain,1,15,tlx,1
Romain,1,9,jold,8
Romain,1,11,jold,1
isleynorth,1,3,mslq,6
isleynorth,1,5,mslq,11
isleynorth,1,6,mslq,16
isleynorth,1,6,mslq,21
isleynorth,1,3,mslq,7
isleynorth,1,7,mslq,12
isleynorth,1,7,mslq,17
isleynorth,1,6,mslq,22
isleynorth,1,5,mslq,8
isleynorth,1,5,mslq,13
isleynorth,1,6,mslq,18
isleynorth,1,3,mslq,23
isleynorth,1,7,mslq,9
isleynorth,1,5,mslq,14
isleynorth,1,3,mslq,19
isleynorth,1,3,mslq,24
isleynorth,1,6,mslq,5
isleynorth,1,3,mslq,10
isleynorth,1,7,mslq,15
isleynorth,1,3,mslq,20
isleynorth,1,6,mslq,25
isleynorth,1,0,sims,18
isleynorth,1,1,sims,17
isleynorth,1,4,sims,16
isleynorth,1,4,sims,15
isleynorth,1,1,sims,14
isleynorth,1,5,sims,13
isleynorth,1,5,sims,12
isleynorth,1,5,sims,11
isleynorth,1,1,sims,9
isleynorth,1,5,sims,8
isleynorth,1,4,sims,7
isleynorth,1,4,sims,6
isleynorth,1,0,sims,5
isleynorth,1,4,sims,4
isleynorth,1,2,sims,3
isleynorth,1,4,sims,2
isleynorth,1,14,tlx,6
isleynorth,1,15,tlx,5
isleynorth,1,7,tlx,4
isleynorth,1,11,tlx,3
isleynorth,1,5,tlx,2
isleynorth,1,15,tlx,1
isleynorth,1,8,jold,8
isleynorth,1,9,jold,1
eguillem,1,1,mslq,6
eguillem,1,4,mslq,11
eguillem,1,3,mslq,16
eguillem,1,5,mslq,21
eguillem,1,1,mslq,7
eguillem,1,7,mslq,12
eguillem,1,4,mslq,17
eguillem,1,4,mslq,22
eguillem,1,1,mslq,8
eguillem,1,4,mslq,13
eguillem,1,5,mslq,18
eguillem,1,6,mslq,23
eguillem,1,7,mslq,9
eguillem,1,7,mslq,14
eguillem,1,3,mslq,19
eguillem,1,4,mslq,24
eguillem,1,7,mslq,5
eguillem,1,6,mslq,10
eguillem,1,6,mslq,15
eguillem,1,3,mslq,20
eguillem,1,3,mslq,25
eguillem,1,0,sims,18
eguillem,1,0,sims,17
eguillem,1,4,sims,16
eguillem,1,4,sims,15
eguillem,1,0,sims,14
eguillem,1,0,sims,13
eguillem,1,6,sims,12
eguillem,1,3,sims,11
eguillem,1,0,sims,9
eguillem,1,0,sims,8
eguillem,1,3,sims,7
eguillem,1,4,sims,6
eguillem,1,0,sims,5
eguillem,1,0,sims,4
eguillem,1,3,sims,3
eguillem,1,3,sims,2
eguillem,1,15,tlx,6
eguillem,1,11,tlx,5
eguillem,1,1,tlx,4
eguillem,1,13,tlx,3
eguillem,1,1,tlx,2
eguillem,1,8,tlx,1
eguillem,1,4,jold,8
eguillem,1,7,jold,1
mjuhoor,1,5,mslq,6
mjuhoor,1,3,mslq,11
mjuhoor,1,6,mslq,16
mjuhoor,1,5,mslq,21
mjuhoor,1,5,mslq,7
mjuhoor,1,3,mslq,12
mjuhoor,1,5,mslq,17
mjuhoor,1,2,mslq,22
mjuhoor,1,5,mslq,8
mjuhoor,1,1,mslq,13
mjuhoor,1,3,mslq,18
mjuhoor,1,2,mslq,23
mjuhoor,1,5,mslq,9
mjuhoor,1,3,mslq,14
mjuhoor,1,4,mslq,19
mjuhoor,1,3,mslq,24
mjuhoor,1,4,mslq,5
mjuhoor,1,2,mslq,10
mjuhoor,1,5,mslq,15
mjuhoor,1,2,mslq,20
mjuhoor,1,5,mslq,25
mjuhoor,1,5,sims,18
mjuhoor,1,4,sims,17
mjuhoor,1,2,sims,16
mjuhoor,1,2,sims,15
mjuhoor,1,2,sims,14
mjuhoor,1,5,sims,13
mjuhoor,1,4,sims,12
mjuhoor,1,1,sims,11
mjuhoor,1,1,sims,9
mjuhoor,1,5,sims,8
mjuhoor,1,2,sims,7
mjuhoor,1,2,sims,6
mjuhoor,1,3,sims,5
mjuhoor,1,5,sims,4
mjuhoor,1,1,sims,3
mjuhoor,1,2,sims,2
mjuhoor,1,7,tlx,6
mjuhoor,1,16,tlx,5
mjuhoor,1,6,tlx,4
mjuhoor,1,12,tlx,3
mjuhoor,1,6,tlx,2
mjuhoor,1,14,tlx,1
mjuhoor,1,5,jold,8
mjuhoor,1,9,jold,1
Funibus,1,2,mslq,6
Funibus,1,1,mslq,11
Funibus,1,2,mslq,16
Funibus,1,4,mslq,21
Funibus,1,1,mslq,7
Funibus,1,1,mslq,12
Funibus,1,4,mslq,17
Funibus,1,2,mslq,22
Funibus,1,1,mslq,8
Funibus,1,1,mslq,13
Funibus,1,4,mslq,18
Funibus,1,2,mslq,23
Funibus,1,1,mslq,9
Funibus,1,3,mslq,14
Funibus,1,2,mslq,19
Funibus,1,3,mslq,24
Funibus,1,3,mslq,5
Funibus,1,1,mslq,10
Funibus,1,4,mslq,15
Funibus,1,2,mslq,20
Funibus,1,3,mslq,25
Funibus,1,5,sims,18
Funibus,1,3,sims,17
Funibus,1,0,sims,16
Funibus,1,1,sims,15
Funibus,1,3,sims,14
Funibus,1,5,sims,13
Funibus,1,1,sims,12
Funibus,1,0,sims,11
Funibus,1,4,sims,9
Funibus,1,6,sims,8
Funibus,1,0,sims,7
Funibus,1,1,sims,6
Funibus,1,4,sims,5
Funibus,1,6,sims,4
Funibus,1,0,sims,3
Funibus,1,1,sims,2
Funibus,1,17,tlx,6
Funibus,1,15,tlx,5
Funibus,1,4,tlx,4
Funibus,1,13,tlx,3
Funibus,1,12,tlx,2
Funibus,1,9,tlx,1
Funibus,1,8,jold,8
Funibus,1,10,jold,1
PB,3,3,ueq,30
PB,3,3,ueq,29
PB,3,5,ueq,28
PB,3,1,ueq,27
PB,3,4,ueq,26
PB,3,3,ueq,24
PB,3,5,ueq,23
PB,3,4,ueq,22
PB,3,4,ueq,21
PB,3,3,ueq,20
PB,3,5,ueq,19
PB,3,2,ueq,18
PB,3,4,ueq,16
PB,3,7,ueq,15
PB,3,3,ueq,14
PB,3,5,ueq,13
PB,3,5,ueq,12
PB,3,4,ueq,11
PB,3,6,ueq,10
PB,3,5,ueq,8
PB,3,5,ueq,7
PB,3,4,ueq,6
PB,3,2,ueq,5
PB,3,4,ueq,4
PB,3,5,ueq,3
PB,3,6,ueq,2
PB,3,0,prof,8
PB,3,4,prof,7
PB,3,4,prof,6
PB,3,4,prof,5
PB,3,3,prof,4
PB,3,2,prof,3
PB,3,24,prof,2
PB,3,5,mslq,6
PB,3,4,mslq,11
PB,3,7,mslq,16
PB,3,7,mslq,21
PB,3,2,mslq,7
PB,3,2,mslq,12
PB,3,7,mslq,17
PB,3,7,mslq,22
PB,3,2,mslq,8
PB,3,5,mslq,13
PB,3,6,mslq,18
PB,3,6,mslq,23
PB,3,5,mslq,9
PB,3,5,mslq,14
PB,3,6,mslq,19
PB,3,7,mslq,24
PB,3,5,mslq,5
PB,3,4,mslq,10
PB,3,7,mslq,15
PB,3,7,mslq,20
PB,3,7,mslq,25
PB,3,0,sims,18
PB,3,0,sims,17
PB,3,1,sims,16
PB,3,4,sims,15
PB,3,0,sims,14
PB,3,1,sims,13
PB,3,0,sims,12
PB,3,0,sims,11
PB,3,0,sims,9
PB,3,1,sims,8
PB,3,0,sims,7
PB,3,0,sims,6
PB,3,0,sims,5
PB,3,1,sims,4
PB,3,1,sims,3
PB,3,1,sims,2
PB,3,3,tlx,6
PB,3,13,tlx,5
PB,3,17,tlx,4
PB,3,9,tlx,3
PB,3,1,tlx,2
PB,3,16,tlx,1
PB,3,8,jold,7
PB,3,9,jold,6
PB,3,11,jold,5
PB,3,7,jold,8
PB,3,11,jold,3
PB,3,9,jold,2
PB,3,7,jold,1
El.o.die,3,4,ueq,30
El.o.die,3,4,ueq,29
El.o.die,3,4,ueq,28
El.o.die,3,3,ueq,27
El.o.die,3,4,ueq,26
El.o.die,3,2,ueq,24
El.o.die,3,5,ueq,23
El.o.die,3,4,ueq,22
El.o.die,3,3,ueq,21
El.o.die,3,2,ueq,20
El.o.die,3,5,ueq,19
El.o.die,3,4,ueq,18
El.o.die,3,4,ueq,16
El.o.die,3,3,ueq,15
El.o.die,3,2,ueq,14
El.o.die,3,5,ueq,13
El.o.die,3,3,ueq,12
El.o.die,3,3,ueq,11
El.o.die,3,3,ueq,10
El.o.die,3,5,ueq,8
El.o.die,3,5,ueq,7
El.o.die,3,4,ueq,6
El.o.die,3,4,ueq,5
El.o.die,3,4,ueq,4
El.o.die,3,7,ueq,3
El.o.die,3,5,ueq,2
El.o.die,3,1,prof,8
El.o.die,3,2,prof,7
El.o.die,3,2,prof,6
El.o.die,3,4,prof,5
El.o.die,3,3,prof,4
El.o.die,3,1,prof,3
El.o.die,3,21,prof,2
El.o.die,3,3,mslq,6
El.o.die,3,4,mslq,11
El.o.die,3,5,mslq,16
El.o.die,3,3,mslq,21
El.o.die,3,1,mslq,7
El.o.die,3,3,mslq,12
El.o.die,3,4,mslq,17
El.o.die,3,1,mslq,22
El.o.die,3,1,mslq,8
El.o.die,3,3,mslq,13
El.o.die,3,3,mslq,18
El.o.die,3,3,mslq,23
El.o.die,3,2,mslq,9
El.o.die,3,5,mslq,14
El.o.die,3,2,mslq,19
El.o.die,3,3,mslq,24
El.o.die,3,2,mslq,5
El.o.die,3,2,mslq,10
El.o.die,3,5,mslq,15
El.o.die,3,2,mslq,20
El.o.die,3,3,mslq,25
El.o.die,3,1,sims,18
El.o.die,3,2,sims,17
El.o.die,3,3,sims,16
El.o.die,3,2,sims,15
El.o.die,3,3,sims,14
El.o.die,3,2,sims,13
El.o.die,3,2,sims,12
El.o.die,3,3,sims,11
El.o.die,3,2,sims,9
El.o.die,3,3,sims,8
El.o.die,3,1,sims,7
El.o.die,3,1,sims,6
El.o.die,3,0,sims,5
El.o.die,3,3,sims,4
El.o.die,3,3,sims,3
El.o.die,3,1,sims,2
El.o.die,3,14,tlx,6
El.o.die,3,13,tlx,5
El.o.die,3,8,tlx,4
El.o.die,3,13,tlx,3
El.o.die,3,2,tlx,2
El.o.die,3,13,tlx,1
El.o.die,3,7,jold,7
El.o.die,3,8,jold,6
El.o.die,3,10,jold,5
El.o.die,3,7,jold,8
El.o.die,3,10,jold,3
El.o.die,3,8,jold,2
El.o.die,3,10,jold,1
FelixFelicis,3,4,ueq,30
FelixFelicis,3,4,ueq,29
FelixFelicis,3,4,ueq,28
FelixFelicis,3,4,ueq,27
FelixFelicis,3,4,ueq,26
FelixFelicis,3,4,ueq,24
FelixFelicis,3,4,ueq,23
FelixFelicis,3,4,ueq,22
FelixFelicis,3,4,ueq,21
FelixFelicis,3,4,ueq,20
FelixFelicis,3,4,ueq,19
FelixFelicis,3,4,ueq,18
FelixFelicis,3,4,ueq,16
FelixFelicis,3,4,ueq,15
FelixFelicis,3,4,ueq,14
FelixFelicis,3,4,ueq,13
FelixFelicis,3,4,ueq,12
FelixFelicis,3,4,ueq,11
FelixFelicis,3,4,ueq,10
FelixFelicis,3,4,ueq,8
FelixFelicis,3,4,ueq,7
FelixFelicis,3,4,ueq,6
FelixFelicis,3,2,ueq,5
FelixFelicis,3,3,ueq,4
FelixFelicis,3,6,ueq,3
FelixFelicis,3,5,ueq,2
FelixFelicis,3,2,prof,8
FelixFelicis,3,1,prof,7
FelixFelicis,3,1,prof,6
FelixFelicis,3,4,prof,5
FelixFelicis,3,3,prof,4
FelixFelicis,3,2,prof,3
FelixFelicis,3,26,prof,2
FelixFelicis,3,4,mslq,6
FelixFelicis,3,4,mslq,11
FelixFelicis,3,4,mslq,16
FelixFelicis,3,6,mslq,21
FelixFelicis,3,3,mslq,7
FelixFelicis,3,3,mslq,12
FelixFelicis,3,6,mslq,17
FelixFelicis,3,6,mslq,22
FelixFelicis,3,6,mslq,8
FelixFelicis,3,4,mslq,13
FelixFelicis,3,6,mslq,18
FelixFelicis,3,5,mslq,23
FelixFelicis,3,4,mslq,9
FelixFelicis,3,7,mslq,14
FelixFelicis,3,5,mslq,19
FelixFelicis,3,4,mslq,24
FelixFelicis,3,5,mslq,5
FelixFelicis,3,2,mslq,10
FelixFelicis,3,7,mslq,15
FelixFelicis,3,6,mslq,20
FelixFelicis,3,6,mslq,25
FelixFelicis,3,3,sims,18
FelixFelicis,3,3,sims,17
FelixFelicis,3,3,sims,16
FelixFelicis,3,3,sims,15
FelixFelicis,3,3,sims,14
FelixFelicis,3,3,sims,13
FelixFelicis,3,3,sims,12
FelixFelicis,3,3,sims,11
FelixFelicis,3,3,sims,9
FelixFelicis,3,3,sims,8
FelixFelicis,3,3,sims,7
FelixFelicis,3,3,sims,6
FelixFelicis,3,3,sims,5
FelixFelicis,3,3,sims,4
FelixFelicis,3,3,sims,3
FelixFelicis,3,3,sims,2
FelixFelicis,3,13,tlx,6
FelixFelicis,3,15,tlx,5
FelixFelicis,3,15,tlx,4
FelixFelicis,3,14,tlx,3
FelixFelicis,3,5,tlx,2
FelixFelicis,3,14,tlx,1
FelixFelicis,3,3,jold,7
FelixFelicis,3,11,jold,6
FelixFelicis,3,8,jold,5
FelixFelicis,3,7,jold,8
FelixFelicis,3,7,jold,3
FelixFelicis,3,2,jold,2
FelixFelicis,3,8,jold,1
matt.fleet,1,5,mslq,6
matt.fleet,1,3,mslq,11
matt.fleet,1,5,mslq,16
matt.fleet,1,5,mslq,21
matt.fleet,1,5,mslq,7
matt.fleet,1,1,mslq,12
matt.fleet,1,6,mslq,17
matt.fleet,1,5,mslq,22
matt.fleet,1,2,mslq,8
matt.fleet,1,6,mslq,13
matt.fleet,1,5,mslq,18
matt.fleet,1,3,mslq,23
matt.fleet,1,1,mslq,9
matt.fleet,1,7,mslq,14
matt.fleet,1,5,mslq,19
matt.fleet,1,5,mslq,24
matt.fleet,1,1,mslq,5
matt.fleet,1,2,mslq,10
matt.fleet,1,5,mslq,15
matt.fleet,1,2,mslq,20
matt.fleet,1,5,mslq,25
matt.fleet,1,5,sims,18
matt.fleet,1,2,sims,17
matt.fleet,1,1,sims,16
matt.fleet,1,4,sims,15
matt.fleet,1,4,sims,14
matt.fleet,1,4,sims,13
matt.fleet,1,2,sims,12
matt.fleet,1,4,sims,11
matt.fleet,1,5,sims,9
matt.fleet,1,2,sims,8
matt.fleet,1,0,sims,7
matt.fleet,1,4,sims,6
matt.fleet,1,4,sims,5
matt.fleet,1,3,sims,4
matt.fleet,1,1,sims,3
matt.fleet,1,2,sims,2
matt.fleet,1,15,tlx,6
matt.fleet,1,15,tlx,5
matt.fleet,1,7,tlx,4
matt.fleet,1,3,tlx,3
matt.fleet,1,13,tlx,2
matt.fleet,1,7,tlx,1
matt.fleet,1,11,jold,1
acanal,1,1,mslq,6
acanal,1,5,mslq,11
acanal,1,3,mslq,16
acanal,1,5,mslq,21
acanal,1,2,mslq,7
acanal,1,5,mslq,12
acanal,1,6,mslq,17
acanal,1,2,mslq,22
acanal,1,2,mslq,8
acanal,1,5,mslq,13
acanal,1,6,mslq,18
acanal,1,3,mslq,23
acanal,1,5,mslq,9
acanal,1,3,mslq,14
acanal,1,2,mslq,19
acanal,1,7,mslq,24
acanal,1,6,mslq,5
acanal,1,1,mslq,10
acanal,1,6,mslq,15
acanal,1,3,mslq,20
acanal,1,5,mslq,25
acanal,1,6,sims,18
acanal,1,0,sims,17
acanal,1,2,sims,16
acanal,1,4,sims,15
acanal,1,0,sims,14
acanal,1,0,sims,13
acanal,1,4,sims,12
acanal,1,4,sims,11
acanal,1,2,sims,9
acanal,1,6,sims,8
acanal,1,0,sims,7
acanal,1,4,sims,6
acanal,1,1,sims,5
acanal,1,0,sims,4
acanal,1,0,sims,3
acanal,1,4,sims,2
acanal,1,20,tlx,6
acanal,1,20,tlx,5
acanal,1,1,tlx,4
acanal,1,16,tlx,3
acanal,1,13,tlx,2
acanal,1,17,tlx,1
acanal,1,6,jold,1
cperain,1,4,mslq,6
cperain,1,3,mslq,11
cperain,1,6,mslq,16
cperain,1,6,mslq,21
cperain,1,4,mslq,7
cperain,1,4,mslq,12
cperain,1,5,mslq,17
cperain,1,3,mslq,22
cperain,1,3,mslq,8
cperain,1,3,mslq,13
cperain,1,2,mslq,18
cperain,1,5,mslq,23
cperain,1,5,mslq,9
cperain,1,5,mslq,14
cperain,1,3,mslq,19
cperain,1,3,mslq,24
cperain,1,5,mslq,5
cperain,1,2,mslq,10
cperain,1,7,mslq,15
cperain,1,3,mslq,20
cperain,1,6,mslq,25
cperain,1,1,sims,18
cperain,1,1,sims,17
cperain,1,0,sims,16
cperain,1,1,sims,15
cperain,1,2,sims,14
cperain,1,3,sims,13
cperain,1,3,sims,12
cperain,1,3,sims,11
cperain,1,3,sims,9
cperain,1,4,sims,8
cperain,1,0,sims,7
cperain,1,0,sims,6
cperain,1,4,sims,5
cperain,1,4,sims,4
cperain,1,0,sims,3
cperain,1,3,sims,2
cperain,1,13,tlx,6
cperain,1,6,tlx,5
cperain,1,20,tlx,4
cperain,1,13,tlx,3
cperain,1,1,tlx,2
cperain,1,11,tlx,1
cperain,1,7,jold,1
Y45HV1N,2,7,mslq,53
Y45HV1N,2,1,mslq,58
Y45HV1N,2,2,mslq,71
Y45HV1N,2,3,mslq,54
Y45HV1N,2,7,mslq,59
Y45HV1N,2,7,mslq,72
Y45HV1N,2,5,mslq,55
Y45HV1N,2,7,mslq,60
Y45HV1N,2,3,mslq,73
Y45HV1N,2,2,mslq,51
Y45HV1N,2,7,mslq,56
Y45HV1N,2,7,mslq,61
Y45HV1N,2,7,mslq,74
Y45HV1N,2,6,mslq,6
Y45HV1N,2,3,mslq,11
Y45HV1N,2,7,mslq,16
Y45HV1N,2,7,mslq,21
Y45HV1N,2,7,mslq,7
Y45HV1N,2,7,mslq,12
Y45HV1N,2,7,mslq,17
Y45HV1N,2,7,mslq,22
Y45HV1N,2,7,mslq,8
Y45HV1N,2,5,mslq,13
Y45HV1N,2,7,mslq,18
Y45HV1N,2,7,mslq,23
Y45HV1N,2,7,mslq,9
Y45HV1N,2,7,mslq,14
Y45HV1N,2,3,mslq,19
Y45HV1N,2,5,mslq,24
Y45HV1N,2,7,mslq,52
Y45HV1N,2,7,mslq,57
Y45HV1N,2,7,mslq,62
Y45HV1N,2,7,mslq,5
Y45HV1N,2,7,mslq,10
Y45HV1N,2,7,mslq,15
Y45HV1N,2,7,mslq,20
Y45HV1N,2,7,mslq,25
Y45HV1N,2,3,sims,18
Y45HV1N,2,5,sims,17
Y45HV1N,2,3,sims,16
Y45HV1N,2,0,sims,15
Y45HV1N,2,2,sims,14
Y45HV1N,2,6,sims,13
Y45HV1N,2,4,sims,12
Y45HV1N,2,4,sims,11
Y45HV1N,2,2,sims,9
Y45HV1N,2,5,sims,8
Y45HV1N,2,1,sims,7
Y45HV1N,2,0,sims,6
Y45HV1N,2,2,sims,5
Y45HV1N,2,5,sims,4
Y45HV1N,2,1,sims,3
Y45HV1N,2,5,sims,2
Y45HV1N,2,20,tlx,6
Y45HV1N,2,20,tlx,5
Y45HV1N,2,9,tlx,4
Y45HV1N,2,7,tlx,3
Y45HV1N,2,17,tlx,2
Y45HV1N,2,20,tlx,1
Y45HV1N,2,11,jold,2
Y45HV1N,2,10,jold,1
Florian401,2,5,mslq,53
Florian401,2,1,mslq,58
Florian401,2,1,mslq,71
Florian401,2,6,mslq,54
Florian401,2,7,mslq,59
Florian401,2,6,mslq,72
Florian401,2,7,mslq,55
Florian401,2,2,mslq,60
Florian401,2,1,mslq,73
Florian401,2,6,mslq,51
Florian401,2,6,mslq,56
Florian401,2,1,mslq,61
Florian401,2,7,mslq,74
Florian401,2,6,mslq,6
Florian401,2,2,mslq,11
Florian401,2,7,mslq,16
Florian401,2,7,mslq,21
Florian401,2,6,mslq,7
Florian401,2,2,mslq,12
Florian401,2,6,mslq,17
Florian401,2,6,mslq,22
Florian401,2,5,mslq,8
Florian401,2,2,mslq,13
Florian401,2,7,mslq,18
Florian401,2,6,mslq,23
Florian401,2,1,mslq,9
Florian401,2,6,mslq,14
Florian401,2,7,mslq,19
Florian401,2,6,mslq,24
Florian401,2,6,mslq,52
Florian401,2,1,mslq,57
Florian401,2,6,mslq,62
Florian401,2,5,mslq,5
Florian401,2,2,mslq,10
Florian401,2,7,mslq,15
Florian401,2,6,mslq,20
Florian401,2,7,mslq,25
Florian401,2,2,sims,18
Florian401,2,0,sims,17
Florian401,2,0,sims,16
Florian401,2,1,sims,15
Florian401,2,2,sims,14
Florian401,2,2,sims,13
Florian401,2,2,sims,12
Florian401,2,1,sims,11
Florian401,2,4,sims,9
Florian401,2,2,sims,8
Florian401,2,0,sims,7
Florian401,2,1,sims,6
Florian401,2,4,sims,5
Florian401,2,0,sims,4
Florian401,2,0,sims,3
Florian401,2,1,sims,2
Florian401,2,5,tlx,6
Florian401,2,14,tlx,5
Florian401,2,13,tlx,4
Florian401,2,4,tlx,3
Florian401,2,1,tlx,2
Florian401,2,13,tlx,1
Florian401,2,9,jold,2
Florian401,2,9,jold,1
8rtzammz@enigmind.anonaddy.me,2,5,mslq,53
8rtzammz@enigmind.anonaddy.me,2,4,mslq,58
8rtzammz@enigmind.anonaddy.me,2,1,mslq,71
8rtzammz@enigmind.anonaddy.me,2,5,mslq,54
8rtzammz@enigmind.anonaddy.me,2,5,mslq,59
8rtzammz@enigmind.anonaddy.me,2,3,mslq,72
8rtzammz@enigmind.anonaddy.me,2,5,mslq,55
8rtzammz@enigmind.anonaddy.me,2,5,mslq,60
8rtzammz@enigmind.anonaddy.me,2,2,mslq,73
8rtzammz@enigmind.anonaddy.me,2,3,mslq,51
8rtzammz@enigmind.anonaddy.me,2,5,mslq,56
8rtzammz@enigmind.anonaddy.me,2,3,mslq,61
8rtzammz@enigmind.anonaddy.me,2,5,mslq,74
8rtzammz@enigmind.anonaddy.me,2,6,mslq,6
8rtzammz@enigmind.anonaddy.me,2,3,mslq,11
8rtzammz@enigmind.anonaddy.me,2,6,mslq,16
8rtzammz@enigmind.anonaddy.me,2,7,mslq,21
8rtzammz@enigmind.anonaddy.me,2,6,mslq,7
8rtzammz@enigmind.anonaddy.me,2,5,mslq,12
8rtzammz@enigmind.anonaddy.me,2,7,mslq,17
8rtzammz@enigmind.anonaddy.me,2,7,mslq,22
8rtzammz@enigmind.anonaddy.me,2,3,mslq,8
8rtzammz@enigmind.anonaddy.me,2,4,mslq,13
8rtzammz@enigmind.anonaddy.me,2,5,mslq,18
8rtzammz@enigmind.anonaddy.me,2,7,mslq,23
8rtzammz@enigmind.anonaddy.me,2,4,mslq,9
8rtzammz@enigmind.anonaddy.me,2,6,mslq,14
8rtzammz@enigmind.anonaddy.me,2,6,mslq,19
8rtzammz@enigmind.anonaddy.me,2,6,mslq,24
8rtzammz@enigmind.anonaddy.me,2,5,mslq,52
8rtzammz@enigmind.anonaddy.me,2,6,mslq,57
8rtzammz@enigmind.anonaddy.me,2,6,mslq,62
8rtzammz@enigmind.anonaddy.me,2,5,mslq,5
8rtzammz@enigmind.anonaddy.me,2,3,mslq,10
8rtzammz@enigmind.anonaddy.me,2,7,mslq,15
8rtzammz@enigmind.anonaddy.me,2,7,mslq,20
8rtzammz@enigmind.anonaddy.me,2,7,mslq,25
8rtzammz@enigmind.anonaddy.me,2,3,sims,18
8rtzammz@enigmind.anonaddy.me,2,2,sims,17
8rtzammz@enigmind.anonaddy.me,2,2,sims,16
8rtzammz@enigmind.anonaddy.me,2,4,sims,15
8rtzammz@enigmind.anonaddy.me,2,2,sims,14
8rtzammz@enigmind.anonaddy.me,2,2,sims,13
8rtzammz@enigmind.anonaddy.me,2,3,sims,12
8rtzammz@enigmind.anonaddy.me,2,3,sims,11
8rtzammz@enigmind.anonaddy.me,2,2,sims,9
8rtzammz@enigmind.anonaddy.me,2,3,sims,8
8rtzammz@enigmind.anonaddy.me,2,2,sims,7
8rtzammz@enigmind.anonaddy.me,2,3,sims,6
8rtzammz@enigmind.anonaddy.me,2,2,sims,5
8rtzammz@enigmind.anonaddy.me,2,4,sims,4
8rtzammz@enigmind.anonaddy.me,2,2,sims,3
8rtzammz@enigmind.anonaddy.me,2,3,sims,2
8rtzammz@enigmind.anonaddy.me,2,9,tlx,6
8rtzammz@enigmind.anonaddy.me,2,10,tlx,5
8rtzammz@enigmind.anonaddy.me,2,17,tlx,4
8rtzammz@enigmind.anonaddy.me,2,4,tlx,3
8rtzammz@enigmind.anonaddy.me,2,1,tlx,2
8rtzammz@enigmind.anonaddy.me,2,17,tlx,1
8rtzammz@enigmind.anonaddy.me,2,10,jold,2
8rtzammz@enigmind.anonaddy.me,2,7,jold,1
El.o.die,2,1,mslq,53
El.o.die,2,5,mslq,58
El.o.die,2,6,mslq,71
El.o.die,2,3,mslq,54
El.o.die,2,4,mslq,59
El.o.die,2,2,mslq,72
El.o.die,2,7,mslq,55
El.o.die,2,2,mslq,60
El.o.die,2,6,mslq,73
El.o.die,2,3,mslq,51
El.o.die,2,1,mslq,56
El.o.die,2,4,mslq,61
El.o.die,2,2,mslq,74
El.o.die,2,1,mslq,6
El.o.die,2,3,mslq,11
El.o.die,2,5,mslq,16
El.o.die,2,4,mslq,21
El.o.die,2,1,mslq,7
El.o.die,2,4,mslq,12
El.o.die,2,5,mslq,17
El.o.die,2,1,mslq,22
El.o.die,2,1,mslq,8
El.o.die,2,1,mslq,13
El.o.die,2,1,mslq,18
El.o.die,2,2,mslq,23
El.o.die,2,3,mslq,9
El.o.die,2,4,mslq,14
El.o.die,2,2,mslq,19
El.o.die,2,1,mslq,24
El.o.die,2,4,mslq,52
El.o.die,2,4,mslq,57
El.o.die,2,5,mslq,62
El.o.die,2,2,mslq,5
El.o.die,2,2,mslq,10
El.o.die,2,6,mslq,15
El.o.die,2,2,mslq,20
El.o.die,2,4,mslq,25
El.o.die,2,0,sims,18
El.o.die,2,0,sims,17
El.o.die,2,3,sims,16
El.o.die,2,3,sims,15
El.o.die,2,0,sims,14
El.o.die,2,3,sims,13
El.o.die,2,3,sims,12
El.o.die,2,4,sims,11
El.o.die,2,0,sims,9
El.o.die,2,3,sims,8
El.o.die,2,0,sims,7
El.o.die,2,1,sims,6
El.o.die,2,2,sims,5
El.o.die,2,1,sims,4
El.o.die,2,3,sims,3
El.o.die,2,3,sims,2
El.o.die,2,12,tlx,6
El.o.die,2,13,tlx,5
El.o.die,2,10,tlx,4
El.o.die,2,12,tlx,3
El.o.die,2,4,tlx,2
El.o.die,2,10,tlx,1
El.o.die,2,11,jold,2
El.o.die,2,9,jold,1
PB,2,7,mslq,53
PB,2,1,mslq,58
PB,2,1,mslq,71
PB,2,7,mslq,54
PB,2,4,mslq,59
PB,2,2,mslq,72
PB,2,7,mslq,55
PB,2,7,mslq,60
PB,2,1,mslq,73
PB,2,2,mslq,51
PB,2,6,mslq,56
PB,2,5,mslq,61
PB,2,2,mslq,74
PB,2,6,mslq,6
PB,2,4,mslq,11
PB,2,7,mslq,16
PB,2,7,mslq,21
PB,2,2,mslq,7
PB,2,2,mslq,12
PB,2,7,mslq,17
PB,2,6,mslq,22
PB,2,2,mslq,8
PB,2,5,mslq,13
PB,2,5,mslq,18
PB,2,6,mslq,23
PB,2,6,mslq,9
PB,2,5,mslq,14
PB,2,6,mslq,19
PB,2,6,mslq,24
PB,2,7,mslq,52
PB,2,6,mslq,57
PB,2,7,mslq,62
PB,2,6,mslq,5
PB,2,4,mslq,10
PB,2,7,mslq,15
PB,2,6,mslq,20
PB,2,7,mslq,25
PB,2,0,sims,18
PB,2,0,sims,17
PB,2,1,sims,16
PB,2,4,sims,15
PB,2,0,sims,14
PB,2,1,sims,13
PB,2,1,sims,12
PB,2,2,sims,11
PB,2,0,sims,9
PB,2,1,sims,8
PB,2,0,sims,7
PB,2,0,sims,6
PB,2,0,sims,5
PB,2,1,sims,4
PB,2,1,sims,3
PB,2,4,sims,2
PB,2,4,tlx,6
PB,2,17,tlx,5
PB,2,10,tlx,4
PB,2,7,tlx,3
PB,2,3,tlx,2
PB,2,16,tlx,1
PB,2,11,jold,2
PB,2,9,jold,1
thibaut.schall83@gmail.com,2,5,mslq,53
thibaut.schall83@gmail.com,2,2,mslq,58
thibaut.schall83@gmail.com,2,3,mslq,71
thibaut.schall83@gmail.com,2,2,mslq,54
thibaut.schall83@gmail.com,2,2,mslq,59
thibaut.schall83@gmail.com,2,5,mslq,72
thibaut.schall83@gmail.com,2,5,mslq,55
thibaut.schall83@gmail.com,2,5,mslq,60
thibaut.schall83@gmail.com,2,1,mslq,73
thibaut.schall83@gmail.com,2,1,mslq,51
thibaut.schall83@gmail.com,2,6,mslq,56
thibaut.schall83@gmail.com,2,2,mslq,61
thibaut.schall83@gmail.com,2,6,mslq,74
thibaut.schall83@gmail.com,2,7,mslq,6
thibaut.schall83@gmail.com,2,3,mslq,11
thibaut.schall83@gmail.com,2,7,mslq,16
thibaut.schall83@gmail.com,2,7,mslq,21
thibaut.schall83@gmail.com,2,7,mslq,7
thibaut.schall83@gmail.com,2,2,mslq,12
thibaut.schall83@gmail.com,2,7,mslq,17
thibaut.schall83@gmail.com,2,7,mslq,22
thibaut.schall83@gmail.com,2,6,mslq,8
thibaut.schall83@gmail.com,2,3,mslq,13
thibaut.schall83@gmail.com,2,6,mslq,18
thibaut.schall83@gmail.com,2,7,mslq,23
thibaut.schall83@gmail.com,2,6,mslq,9
thibaut.schall83@gmail.com,2,6,mslq,14
thibaut.schall83@gmail.com,2,6,mslq,19
thibaut.schall83@gmail.com,2,6,mslq,24
thibaut.schall83@gmail.com,2,7,mslq,52
thibaut.schall83@gmail.com,2,6,mslq,57
thibaut.schall83@gmail.com,2,6,mslq,62
thibaut.schall83@gmail.com,2,7,mslq,5
thibaut.schall83@gmail.com,2,3,mslq,10
thibaut.schall83@gmail.com,2,7,mslq,15
thibaut.schall83@gmail.com,2,7,mslq,20
thibaut.schall83@gmail.com,2,7,mslq,25
thibaut.schall83@gmail.com,2,1,sims,18
thibaut.schall83@gmail.com,2,2,sims,17
thibaut.schall83@gmail.com,2,1,sims,16
thibaut.schall83@gmail.com,2,1,sims,15
thibaut.schall83@gmail.com,2,2,sims,14
thibaut.schall83@gmail.com,2,2,sims,13
thibaut.schall83@gmail.com,2,1,sims,12
thibaut.schall83@gmail.com,2,1,sims,11
thibaut.schall83@gmail.com,2,1,sims,9
thibaut.schall83@gmail.com,2,2,sims,8
thibaut.schall83@gmail.com,2,0,sims,7
thibaut.schall83@gmail.com,2,1,sims,6
thibaut.schall83@gmail.com,2,1,sims,5
thibaut.schall83@gmail.com,2,2,sims,4
thibaut.schall83@gmail.com,2,0,sims,3
thibaut.schall83@gmail.com,2,2,sims,2
thibaut.schall83@gmail.com,2,6,tlx,6
thibaut.schall83@gmail.com,2,13,tlx,5
thibaut.schall83@gmail.com,2,17,tlx,4
thibaut.schall83@gmail.com,2,9,tlx,3
thibaut.schall83@gmail.com,2,5,tlx,2
thibaut.schall83@gmail.com,2,13,tlx,1
thibaut.schall83@gmail.com,2,11,jold,2
thibaut.schall83@gmail.com,2,9,jold,1
FelixFelicis,2,4,mslq,53
FelixFelicis,2,4,mslq,58
FelixFelicis,2,1,mslq,71
FelixFelicis,2,7,mslq,54
FelixFelicis,2,3,mslq,59
FelixFelicis,2,4,mslq,72
FelixFelicis,2,7,mslq,55
FelixFelicis,2,4,mslq,60
FelixFelicis,2,1,mslq,73
FelixFelicis,2,1,mslq,51
FelixFelicis,2,3,mslq,56
FelixFelicis,2,4,mslq,61
FelixFelicis,2,1,mslq,74
FelixFelicis,2,4,mslq,6
FelixFelicis,2,4,mslq,11
FelixFelicis,2,4,mslq,16
FelixFelicis,2,7,mslq,21
FelixFelicis,2,7,mslq,7
FelixFelicis,2,4,mslq,12
FelixFelicis,2,7,mslq,17
FelixFelicis,2,7,mslq,22
FelixFelicis,2,7,mslq,8
FelixFelicis,2,4,mslq,13
FelixFelicis,2,7,mslq,18
FelixFelicis,2,7,mslq,23
FelixFelicis,2,7,mslq,9
FelixFelicis,2,7,mslq,14
FelixFelicis,2,7,mslq,19
FelixFelicis,2,7,mslq,24
FelixFelicis,2,7,mslq,52
FelixFelicis,2,7,mslq,57
FelixFelicis,2,7,mslq,62
FelixFelicis,2,7,mslq,5
FelixFelicis,2,1,mslq,10
FelixFelicis,2,7,mslq,15
FelixFelicis,2,7,mslq,20
FelixFelicis,2,7,mslq,25
FelixFelicis,2,3,sims,18
FelixFelicis,2,3,sims,17
FelixFelicis,2,3,sims,16
FelixFelicis,2,3,sims,15
FelixFelicis,2,3,sims,14
FelixFelicis,2,3,sims,13
FelixFelicis,2,3,sims,12
FelixFelicis,2,3,sims,11
FelixFelicis,2,3,sims,9
FelixFelicis,2,3,sims,8
FelixFelicis,2,3,sims,7
FelixFelicis,2,3,sims,6
FelixFelicis,2,3,sims,5
FelixFelicis,2,3,sims,4
FelixFelicis,2,3,sims,3
FelixFelicis,2,3,sims,2
FelixFelicis,2,12,tlx,6
FelixFelicis,2,14,tlx,5
FelixFelicis,2,20,tlx,4
FelixFelicis,2,11,tlx,3
FelixFelicis,2,6,tlx,2
FelixFelicis,2,16,tlx,1
FelixFelicis,2,11,jold,2
FelixFelicis,2,11,jold,1
thibaut.schall83@gmail.com,1,6,mslq,6
thibaut.schall83@gmail.com,1,1,mslq,11
thibaut.schall83@gmail.com,1,7,mslq,16
thibaut.schall83@gmail.com,1,7,mslq,21
thibaut.schall83@gmail.com,1,6,mslq,7
thibaut.schall83@gmail.com,1,1,mslq,12
thibaut.schall83@gmail.com,1,5,mslq,17
thibaut.schall83@gmail.com,1,5,mslq,22
thibaut.schall83@gmail.com,1,1,mslq,8
thibaut.schall83@gmail.com,1,1,mslq,13
thibaut.schall83@gmail.com,1,2,mslq,18
thibaut.schall83@gmail.com,1,5,mslq,23
thibaut.schall83@gmail.com,1,4,mslq,9
thibaut.schall83@gmail.com,1,5,mslq,14
thibaut.schall83@gmail.com,1,3,mslq,19
thibaut.schall83@gmail.com,1,6,mslq,24
thibaut.schall83@gmail.com,1,6,mslq,5
thibaut.schall83@gmail.com,1,3,mslq,10
thibaut.schall83@gmail.com,1,6,mslq,15
thibaut.schall83@gmail.com,1,5,mslq,20
thibaut.schall83@gmail.com,1,7,mslq,25
thibaut.schall83@gmail.com,1,0,sims,18
thibaut.schall83@gmail.com,1,1,sims,17
thibaut.schall83@gmail.com,1,0,sims,16
thibaut.schall83@gmail.com,1,0,sims,15
thibaut.schall83@gmail.com,1,0,sims,14
thibaut.schall83@gmail.com,1,2,sims,13
thibaut.schall83@gmail.com,1,1,sims,12
thibaut.schall83@gmail.com,1,0,sims,11
thibaut.schall83@gmail.com,1,1,sims,9
thibaut.schall83@gmail.com,1,0,sims,8
thibaut.schall83@gmail.com,1,0,sims,7
thibaut.schall83@gmail.com,1,0,sims,6
thibaut.schall83@gmail.com,1,2,sims,5
thibaut.schall83@gmail.com,1,2,sims,4
thibaut.schall83@gmail.com,1,0,sims,3
thibaut.schall83@gmail.com,1,0,sims,2
thibaut.schall83@gmail.com,1,17,tlx,6
thibaut.schall83@gmail.com,1,15,tlx,5
thibaut.schall83@gmail.com,1,2,tlx,4
thibaut.schall83@gmail.com,1,11,tlx,3
thibaut.schall83@gmail.com,1,2,tlx,2
thibaut.schall83@gmail.com,1,12,tlx,1
thibaut.schall83@gmail.com,1,7,jold,1
El.o.die,1,1,mslq,6
El.o.die,1,3,mslq,11
El.o.die,1,4,mslq,16
El.o.die,1,5,mslq,21
El.o.die,1,1,mslq,7
El.o.die,1,1,mslq,12
El.o.die,1,4,mslq,17
El.o.die,1,1,mslq,22
El.o.die,1,1,mslq,8
El.o.die,1,1,mslq,13
El.o.die,1,2,mslq,18
El.o.die,1,3,mslq,23
El.o.die,1,4,mslq,9
El.o.die,1,6,mslq,14
El.o.die,1,1,mslq,19
El.o.die,1,1,mslq,24
El.o.die,1,5,mslq,5
El.o.die,1,1,mslq,10
El.o.die,1,4,mslq,15
El.o.die,1,1,mslq,20
El.o.die,1,2,mslq,25
El.o.die,1,3,sims,18
El.o.die,1,0,sims,17
El.o.die,1,2,sims,16
El.o.die,1,0,sims,15
El.o.die,1,2,sims,14
El.o.die,1,1,sims,13
El.o.die,1,1,sims,12
El.o.die,1,3,sims,11
El.o.die,1,2,sims,9
El.o.die,1,0,sims,8
El.o.die,1,0,sims,7
El.o.die,1,0,sims,6
El.o.die,1,3,sims,5
El.o.die,1,0,sims,4
El.o.die,1,2,sims,3
El.o.die,1,0,sims,2
El.o.die,1,17,tlx,6
El.o.die,1,13,tlx,5
El.o.die,1,1,tlx,4
El.o.die,1,10,tlx,3
El.o.die,1,3,tlx,2
El.o.die,1,14,tlx,1
El.o.die,1,6,jold,1
8rtzammz@enigmind.anonaddy.me,1,3,mslq,6
8rtzammz@enigmind.anonaddy.me,1,3,mslq,11
8rtzammz@enigmind.anonaddy.me,1,5,mslq,16
8rtzammz@enigmind.anonaddy.me,1,7,mslq,21
8rtzammz@enigmind.anonaddy.me,1,5,mslq,7
8rtzammz@enigmind.anonaddy.me,1,3,mslq,12
8rtzammz@enigmind.anonaddy.me,1,6,mslq,17
8rtzammz@enigmind.anonaddy.me,1,5,mslq,22
8rtzammz@enigmind.anonaddy.me,1,3,mslq,8
8rtzammz@enigmind.anonaddy.me,1,3,mslq,13
8rtzammz@enigmind.anonaddy.me,1,6,mslq,18
8rtzammz@enigmind.anonaddy.me,1,5,mslq,23
8rtzammz@enigmind.anonaddy.me,1,5,mslq,9
8rtzammz@enigmind.anonaddy.me,1,7,mslq,14
8rtzammz@enigmind.anonaddy.me,1,5,mslq,19
8rtzammz@enigmind.anonaddy.me,1,5,mslq,24
8rtzammz@enigmind.anonaddy.me,1,3,mslq,5
8rtzammz@enigmind.anonaddy.me,1,3,mslq,10
8rtzammz@enigmind.anonaddy.me,1,7,mslq,15
8rtzammz@enigmind.anonaddy.me,1,6,mslq,20
8rtzammz@enigmind.anonaddy.me,1,7,mslq,25
8rtzammz@enigmind.anonaddy.me,1,4,sims,18
8rtzammz@enigmind.anonaddy.me,1,2,sims,17
8rtzammz@enigmind.anonaddy.me,1,2,sims,16
8rtzammz@enigmind.anonaddy.me,1,2,sims,15
8rtzammz@enigmind.anonaddy.me,1,2,sims,14
8rtzammz@enigmind.anonaddy.me,1,2,sims,13
8rtzammz@enigmind.anonaddy.me,1,3,sims,12
8rtzammz@enigmind.anonaddy.me,1,3,sims,11
8rtzammz@enigmind.anonaddy.me,1,3,sims,9
8rtzammz@enigmind.anonaddy.me,1,2,sims,8
8rtzammz@enigmind.anonaddy.me,1,2,sims,7
8rtzammz@enigmind.anonaddy.me,1,2,sims,6
8rtzammz@enigmind.anonaddy.me,1,3,sims,5
8rtzammz@enigmind.anonaddy.me,1,2,sims,4
8rtzammz@enigmind.anonaddy.me,1,1,sims,3
8rtzammz@enigmind.anonaddy.me,1,1,sims,2
8rtzammz@enigmind.anonaddy.me,1,13,tlx,6
8rtzammz@enigmind.anonaddy.me,1,16,tlx,5
8rtzammz@enigmind.anonaddy.me,1,5,tlx,4
8rtzammz@enigmind.anonaddy.me,1,1,tlx,3
8rtzammz@enigmind.anonaddy.me,1,1,tlx,2
8rtzammz@enigmind.anonaddy.me,1,15,tlx,1
8rtzammz@enigmind.anonaddy.me,1,11,jold,1
Florian401,1,6,mslq,6
Florian401,1,3,mslq,11
Florian401,1,6,mslq,16
Florian401,1,6,mslq,21
Florian401,1,6,mslq,7
Florian401,1,3,mslq,12
Florian401,1,6,mslq,17
Florian401,1,4,mslq,22
Florian401,1,1,mslq,8
Florian401,1,3,mslq,13
Florian401,1,6,mslq,18
Florian401,1,6,mslq,23
Florian401,1,2,mslq,9
Florian401,1,6,mslq,14
Florian401,1,6,mslq,19
Florian401,1,6,mslq,24
Florian401,1,6,mslq,5
Florian401,1,1,mslq,10
Florian401,1,7,mslq,15
Florian401,1,6,mslq,20
Florian401,1,7,mslq,25
Florian401,1,6,sims,18
Florian401,1,0,sims,17
Florian401,1,0,sims,16
Florian401,1,1,sims,15
Florian401,1,4,sims,14
Florian401,1,0,sims,13
Florian401,1,1,sims,12
Florian401,1,1,sims,11
Florian401,1,4,sims,9
Florian401,1,0,sims,8
Florian401,1,0,sims,7
Florian401,1,1,sims,6
Florian401,1,4,sims,5
Florian401,1,1,sims,4
Florian401,1,0,sims,3
Florian401,1,3,sims,2
Florian401,1,20,tlx,6
Florian401,1,15,tlx,5
Florian401,1,3,tlx,4
Florian401,1,6,tlx,3
Florian401,1,1,tlx,2
Florian401,1,16,tlx,1
Florian401,1,9,jold,1
PB,1,5,mslq,6
PB,1,4,mslq,11
PB,1,6,mslq,16
PB,1,7,mslq,21
PB,1,5,mslq,7
PB,1,4,mslq,12
PB,1,7,mslq,17
PB,1,5,mslq,22
PB,1,2,mslq,8
PB,1,5,mslq,13
PB,1,2,mslq,18
PB,1,5,mslq,23
PB,1,4,mslq,9
PB,1,6,mslq,14
PB,1,4,mslq,19
PB,1,5,mslq,24
PB,1,6,mslq,5
PB,1,3,mslq,10
PB,1,7,mslq,15
PB,1,5,mslq,20
PB,1,6,mslq,25
PB,1,3,sims,18
PB,1,0,sims,17
PB,1,1,sims,16
PB,1,3,sims,15
PB,1,1,sims,14
PB,1,0,sims,13
PB,1,0,sims,12
PB,1,0,sims,11
PB,1,0,sims,9
PB,1,4,sims,8
PB,1,0,sims,7
PB,1,0,sims,6
PB,1,0,sims,5
PB,1,4,sims,4
PB,1,1,sims,3
PB,1,0,sims,2
PB,1,4,tlx,6
PB,1,16,tlx,5
PB,1,1,tlx,4
PB,1,15,tlx,3
PB,1,3,tlx,2
PB,1,15,tlx,1
PB,1,8,jold,1
Y45HV1N,1,7,mslq,6
Y45HV1N,1,4,mslq,11
Y45HV1N,1,5,mslq,16
Y45HV1N,1,7,mslq,21
Y45HV1N,1,7,mslq,7
Y45HV1N,1,5,mslq,12
Y45HV1N,1,7,mslq,17
Y45HV1N,1,7,mslq,22
Y45HV1N,1,7,mslq,8
Y45HV1N,1,5,mslq,13
Y45HV1N,1,5,mslq,18
Y45HV1N,1,5,mslq,23
Y45HV1N,1,7,mslq,9
Y45HV1N,1,7,mslq,14
Y45HV1N,1,4,mslq,19
Y45HV1N,1,3,mslq,24
Y45HV1N,1,7,mslq,5
Y45HV1N,1,3,mslq,10
Y45HV1N,1,7,mslq,15
Y45HV1N,1,7,mslq,20
Y45HV1N,1,7,mslq,25
Y45HV1N,1,3,sims,18
Y45HV1N,1,4,sims,17
Y45HV1N,1,4,sims,16
Y45HV1N,1,2,sims,15
Y45HV1N,1,3,sims,14
Y45HV1N,1,4,sims,13
Y45HV1N,1,4,sims,12
Y45HV1N,1,4,sims,11
Y45HV1N,1,1,sims,9
Y45HV1N,1,4,sims,8
Y45HV1N,1,3,sims,7
Y45HV1N,1,3,sims,6
Y45HV1N,1,3,sims,5
Y45HV1N,1,4,sims,4
Y45HV1N,1,2,sims,3
Y45HV1N,1,4,sims,2
Y45HV1N,1,20,tlx,6
Y45HV1N,1,20,tlx,5
Y45HV1N,1,6,tlx,4
Y45HV1N,1,11,tlx,3
Y45HV1N,1,14,tlx,2
Y45HV1N,1,18,tlx,1
Y45HV1N,1,11,jold,1
FelixFelicis,1,4,mslq,6
FelixFelicis,1,3,mslq,11
FelixFelicis,1,4,mslq,16
FelixFelicis,1,7,mslq,21
FelixFelicis,1,7,mslq,7
FelixFelicis,1,2,mslq,12
FelixFelicis,1,7,mslq,17
FelixFelicis,1,6,mslq,22
FelixFelicis,1,5,mslq,8
FelixFelicis,1,6,mslq,13
FelixFelicis,1,4,mslq,18
FelixFelicis,1,4,mslq,23
FelixFelicis,1,3,mslq,9
FelixFelicis,1,7,mslq,14
FelixFelicis,1,5,mslq,19
FelixFelicis,1,4,mslq,24
FelixFelicis,1,7,mslq,5
FelixFelicis,1,1,mslq,10
FelixFelicis,1,7,mslq,15
FelixFelicis,1,7,mslq,20
FelixFelicis,1,7,mslq,25
FelixFelicis,1,0,sims,18
FelixFelicis,1,0,sims,17
FelixFelicis,1,0,sims,16
FelixFelicis,1,2,sims,15
FelixFelicis,1,0,sims,14
FelixFelicis,1,0,sims,13
FelixFelicis,1,1,sims,12
FelixFelicis,1,3,sims,11
FelixFelicis,1,2,sims,9
FelixFelicis,1,1,sims,8
FelixFelicis,1,1,sims,7
FelixFelicis,1,2,sims,6
FelixFelicis,1,1,sims,5
FelixFelicis,1,1,sims,4
FelixFelicis,1,2,sims,3
FelixFelicis,1,3,sims,2
FelixFelicis,1,11,tlx,6
FelixFelicis,1,15,tlx,5
FelixFelicis,1,14,tlx,4
FelixFelicis,1,11,tlx,3
FelixFelicis,1,3,tlx,2
FelixFelicis,1,17,tlx,1
FelixFelicis,1,11,jold,1
mgalharret,3,4,ueq,30
mgalharret,3,3,ueq,29
mgalharret,3,5,ueq,28
mgalharret,3,1,ueq,27
mgalharret,3,6,ueq,26
mgalharret,3,1,ueq,24
mgalharret,3,7,ueq,23
mgalharret,3,1,ueq,22
mgalharret,3,4,ueq,21
mgalharret,3,1,ueq,20
mgalharret,3,6,ueq,19
mgalharret,3,3,ueq,18
mgalharret,3,5,ueq,16
mgalharret,3,7,ueq,15
mgalharret,3,2,ueq,14
mgalharret,3,6,ueq,13
mgalharret,3,5,ueq,12
mgalharret,3,1,ueq,11
mgalharret,3,6,ueq,10
mgalharret,3,5,ueq,8
mgalharret,3,4,ueq,7
mgalharret,3,2,ueq,6
mgalharret,3,2,ueq,5
mgalharret,3,2,ueq,4
mgalharret,3,5,ueq,3
mgalharret,3,5,ueq,2
mgalharret,3,1,prof,8
mgalharret,3,4,prof,7
mgalharret,3,4,prof,6
mgalharret,3,4,prof,5
mgalharret,3,3,prof,4
mgalharret,3,1,prof,3
mgalharret,3,24,prof,2
mgalharret,3,6,mslq,6
mgalharret,3,1,mslq,11
mgalharret,3,5,mslq,16
mgalharret,3,7,mslq,21
mgalharret,3,1,mslq,7
mgalharret,3,2,mslq,12
mgalharret,3,6,mslq,17
mgalharret,3,3,mslq,22
mgalharret,3,3,mslq,8
mgalharret,3,1,mslq,13
mgalharret,3,5,mslq,18
mgalharret,3,5,mslq,23
mgalharret,3,3,mslq,9
mgalharret,3,7,mslq,14
mgalharret,3,5,mslq,19
mgalharret,3,7,mslq,24
mgalharret,3,6,mslq,5
mgalharret,3,5,mslq,10
mgalharret,3,6,mslq,15
mgalharret,3,6,mslq,20
mgalharret,3,6,mslq,25
mgalharret,3,2,sims,18
mgalharret,3,3,sims,17
mgalharret,3,1,sims,16
mgalharret,3,3,sims,15
mgalharret,3,2,sims,14
mgalharret,3,6,sims,13
mgalharret,3,1,sims,12
mgalharret,3,3,sims,11
mgalharret,3,2,sims,9
mgalharret,3,6,sims,8
mgalharret,3,1,sims,7
mgalharret,3,2,sims,6
mgalharret,3,2,sims,5
mgalharret,3,5,sims,4
mgalharret,3,1,sims,3
mgalharret,3,1,sims,2
mgalharret,3,7,tlx,6
mgalharret,3,15,tlx,5
mgalharret,3,15,tlx,4
mgalharret,3,6,tlx,3
mgalharret,3,1,tlx,2
mgalharret,3,13,tlx,1
mgalharret,3,6,jold,7
mgalharret,3,8,jold,6
mgalharret,3,11,jold,5
mgalharret,3,5,jold,8
mgalharret,3,11,jold,3
mgalharret,3,9,jold,2
mgalharret,3,6,jold,1
achqt,3,3,ueq,30
achqt,3,2,ueq,29
achqt,3,4,ueq,28
achqt,3,1,ueq,27
achqt,3,6,ueq,26
achqt,3,1,ueq,24
achqt,3,7,ueq,23
achqt,3,1,ueq,22
achqt,3,3,ueq,21
achqt,3,4,ueq,20
achqt,3,5,ueq,19
achqt,3,2,ueq,18
achqt,3,6,ueq,16
achqt,3,7,ueq,15
achqt,3,1,ueq,14
achqt,3,6,ueq,13
achqt,3,6,ueq,12
achqt,3,1,ueq,11
achqt,3,7,ueq,10
achqt,3,6,ueq,8
achqt,3,5,ueq,7
achqt,3,3,ueq,6
achqt,3,1,ueq,5
achqt,3,4,ueq,4
achqt,3,7,ueq,3
achqt,3,7,ueq,2
achqt,3,1,prof,8
achqt,3,5,prof,7
achqt,3,4,prof,6
achqt,3,2,prof,5
achqt,3,2,prof,4
achqt,3,1,prof,3
achqt,3,23,prof,2
achqt,3,2,mslq,6
achqt,3,1,mslq,11
achqt,3,1,mslq,16
achqt,3,6,mslq,21
achqt,3,3,mslq,7
achqt,3,2,mslq,12
achqt,3,5,mslq,17
achqt,3,1,mslq,22
achqt,3,3,mslq,8
achqt,3,1,mslq,13
achqt,3,5,mslq,18
achqt,3,2,mslq,23
achqt,3,1,mslq,9
achqt,3,2,mslq,14
achqt,3,2,mslq,19
achqt,3,2,mslq,24
achqt,3,1,mslq,5
achqt,3,1,mslq,10
achqt,3,5,mslq,15
achqt,3,1,mslq,20
achqt,3,2,mslq,25
achqt,3,2,sims,18
achqt,3,0,sims,17
achqt,3,0,sims,16
achqt,3,0,sims,15
achqt,3,1,sims,14
achqt,3,0,sims,13
achqt,3,0,sims,12
achqt,3,0,sims,11
achqt,3,1,sims,9
achqt,3,0,sims,8
achqt,3,0,sims,7
achqt,3,0,sims,6
achqt,3,3,sims,5
achqt,3,0,sims,4
achqt,3,0,sims,3
achqt,3,1,sims,2
achqt,3,19,tlx,6
achqt,3,18,tlx,5
achqt,3,2,tlx,4
achqt,3,13,tlx,3
achqt,3,1,tlx,2
achqt,3,18,tlx,1
achqt,3,6,jold,7
achqt,3,7,jold,6
achqt,3,10,jold,5
achqt,3,3,jold,8
achqt,3,10,jold,3
achqt,3,7,jold,2
achqt,3,8,jold,1
ewb,1,7,mslq,6
ewb,1,1,mslq,11
ewb,1,7,mslq,16
ewb,1,7,mslq,21
ewb,1,7,mslq,7
ewb,1,3,mslq,12
ewb,1,7,mslq,17
ewb,1,3,mslq,22
ewb,1,7,mslq,8
ewb,1,3,mslq,13
ewb,1,3,mslq,18
ewb,1,6,mslq,23
ewb,1,7,mslq,9
ewb,1,2,mslq,14
ewb,1,2,mslq,19
ewb,1,6,mslq,24
ewb,1,1,mslq,5
ewb,1,3,mslq,10
ewb,1,5,mslq,15
ewb,1,5,mslq,20
ewb,1,6,mslq,25
ewb,1,4,sims,18
ewb,1,3,sims,17
ewb,1,0,sims,16
ewb,1,2,sims,15
ewb,1,0,sims,14
ewb,1,4,sims,13
ewb,1,2,sims,12
ewb,1,2,sims,11
ewb,1,3,sims,9
ewb,1,5,sims,8
ewb,1,0,sims,7
ewb,1,1,sims,6
ewb,1,3,sims,5
ewb,1,5,sims,4
ewb,1,0,sims,3
ewb,1,2,sims,2
ewb,1,14,tlx,6
ewb,1,17,tlx,5
ewb,1,2,tlx,4
ewb,1,11,tlx,3
ewb,1,9,tlx,2
ewb,1,6,tlx,1
ewb,1,9,jold,1
achqt,2,6,mslq,53
achqt,2,3,mslq,58
achqt,2,5,mslq,71
achqt,2,6,mslq,54
achqt,2,5,mslq,59
achqt,2,5,mslq,72
achqt,2,7,mslq,55
achqt,2,4,mslq,60
achqt,2,5,mslq,73
achqt,2,5,mslq,51
achqt,2,3,mslq,56
achqt,2,5,mslq,61
achqt,2,2,mslq,74
achqt,2,2,mslq,6
achqt,2,1,mslq,11
achqt,2,2,mslq,16
achqt,2,5,mslq,21
achqt,2,3,mslq,7
achqt,2,1,mslq,12
achqt,2,5,mslq,17
achqt,2,1,mslq,22
achqt,2,2,mslq,8
achqt,2,1,mslq,13
achqt,2,2,mslq,18
achqt,2,2,mslq,23
achqt,2,1,mslq,9
achqt,2,3,mslq,14
achqt,2,2,mslq,19
achqt,2,2,mslq,24
achqt,2,3,mslq,52
achqt,2,5,mslq,57
achqt,2,5,mslq,62
achqt,2,2,mslq,5
achqt,2,1,mslq,10
achqt,2,5,mslq,15
achqt,2,2,mslq,20
achqt,2,6,mslq,25
achqt,2,3,sims,18
achqt,2,1,sims,17
achqt,2,1,sims,16
achqt,2,1,sims,15
achqt,2,1,sims,14
achqt,2,1,sims,13
achqt,2,0,sims,12
achqt,2,1,sims,11
achqt,2,2,sims,9
achqt,2,0,sims,8
achqt,2,0,sims,7
achqt,2,0,sims,6
achqt,2,2,sims,5
achqt,2,1,sims,4
achqt,2,1,sims,3
achqt,2,1,sims,2
achqt,2,19,tlx,6
achqt,2,18,tlx,5
achqt,2,1,tlx,4
achqt,2,3,tlx,3
achqt,2,2,tlx,2
achqt,2,19,tlx,1
achqt,2,9,jold,2
achqt,2,8,jold,1
mgalharret,2,5,mslq,53
mgalharret,2,2,mslq,58
mgalharret,2,1,mslq,71
mgalharret,2,6,mslq,54
mgalharret,2,6,mslq,59
mgalharret,2,5,mslq,72
mgalharret,2,7,mslq,55
mgalharret,2,6,mslq,60
mgalharret,2,1,mslq,73
mgalharret,2,1,mslq,51
mgalharret,2,2,mslq,56
mgalharret,2,6,mslq,61
mgalharret,2,2,mslq,74
mgalharret,2,6,mslq,6
mgalharret,2,1,mslq,11
mgalharret,2,3,mslq,16
mgalharret,2,7,mslq,21
mgalharret,2,3,mslq,7
mgalharret,2,2,mslq,12
mgalharret,2,5,mslq,17
mgalharret,2,3,mslq,22
mgalharret,2,2,mslq,8
mgalharret,2,1,mslq,13
mgalharret,2,5,mslq,18
mgalharret,2,5,mslq,23
mgalharret,2,5,mslq,9
mgalharret,2,7,mslq,14
mgalharret,2,5,mslq,19
mgalharret,2,7,mslq,24
mgalharret,2,3,mslq,52
mgalharret,2,6,mslq,57
mgalharret,2,3,mslq,62
mgalharret,2,7,mslq,5
mgalharret,2,2,mslq,10
mgalharret,2,6,mslq,15
mgalharret,2,5,mslq,20
mgalharret,2,6,mslq,25
mgalharret,2,2,sims,18
mgalharret,2,2,sims,17
mgalharret,2,1,sims,16
mgalharret,2,1,sims,15
mgalharret,2,1,sims,14
mgalharret,2,6,sims,13
mgalharret,2,0,sims,12
mgalharret,2,1,sims,11
mgalharret,2,2,sims,9
mgalharret,2,6,sims,8
mgalharret,2,0,sims,7
mgalharret,2,0,sims,6
mgalharret,2,2,sims,5
mgalharret,2,4,sims,4
mgalharret,2,3,sims,3
mgalharret,2,1,sims,2
mgalharret,2,16,tlx,6
mgalharret,2,18,tlx,5
mgalharret,2,13,tlx,4
mgalharret,2,7,tlx,3
mgalharret,2,1,tlx,2
mgalharret,2,20,tlx,1
mgalharret,2,11,jold,2
mgalharret,2,7,jold,1
mgalharret,1,5,mslq,6
mgalharret,1,1,mslq,11
mgalharret,1,2,mslq,16
mgalharret,1,7,mslq,21
mgalharret,1,2,mslq,7
mgalharret,1,2,mslq,12
mgalharret,1,6,mslq,17
mgalharret,1,1,mslq,22
mgalharret,1,2,mslq,8
mgalharret,1,1,mslq,13
mgalharret,1,5,mslq,18
mgalharret,1,5,mslq,23
mgalharret,1,2,mslq,9
mgalharret,1,6,mslq,14
mgalharret,1,3,mslq,19
mgalharret,1,6,mslq,24
mgalharret,1,6,mslq,5
mgalharret,1,2,mslq,10
mgalharret,1,2,mslq,15
mgalharret,1,3,mslq,20
mgalharret,1,6,mslq,25
mgalharret,1,1,sims,18
mgalharret,1,0,sims,17
mgalharret,1,2,sims,16
mgalharret,1,1,sims,15
mgalharret,1,0,sims,14
mgalharret,1,4,sims,13
mgalharret,1,1,sims,12
mgalharret,1,2,sims,11
mgalharret,1,2,sims,9
mgalharret,1,4,sims,8
mgalharret,1,1,sims,7
mgalharret,1,1,sims,6
mgalharret,1,1,sims,5
mgalharret,1,2,sims,4
mgalharret,1,0,sims,3
mgalharret,1,1,sims,2
mgalharret,1,16,tlx,6
mgalharret,1,16,tlx,5
mgalharret,1,2,tlx,4
mgalharret,1,16,tlx,3
mgalharret,1,1,tlx,2
mgalharret,1,15,tlx,1
mgalharret,1,2,jold,1
achqt,1,2,mslq,6
achqt,1,1,mslq,11
achqt,1,2,mslq,16
achqt,1,6,mslq,21
achqt,1,3,mslq,7
achqt,1,1,mslq,12
achqt,1,5,mslq,17
achqt,1,1,mslq,22
achqt,1,2,mslq,8
achqt,1,1,mslq,13
achqt,1,3,mslq,18
achqt,1,2,mslq,23
achqt,1,1,mslq,9
achqt,1,3,mslq,14
achqt,1,2,mslq,19
achqt,1,4,mslq,24
achqt,1,2,mslq,5
achqt,1,1,mslq,10
achqt,1,6,mslq,15
achqt,1,1,mslq,20
achqt,1,2,mslq,25
achqt,1,2,sims,18
achqt,1,0,sims,17
achqt,1,0,sims,16
achqt,1,0,sims,15
achqt,1,1,sims,14
achqt,1,2,sims,13
achqt,1,1,sims,12
achqt,1,1,sims,11
achqt,1,3,sims,9
achqt,1,1,sims,8
achqt,1,0,sims,7
achqt,1,0,sims,6
achqt,1,3,sims,5
achqt,1,1,sims,4
achqt,1,0,sims,3
achqt,1,0,sims,2
achqt,1,20,tlx,6
achqt,1,18,tlx,5
achqt,1,1,tlx,4
achqt,1,16,tlx,3
achqt,1,2,tlx,2
achqt,1,17,tlx,1
achqt,1,2,jold,1
